County,Region,Subregion,Theme,DESCRIPTION OF FIELD,Value
Mayo,Northern & Western,West,Age,T1_A1 (Age)0 - 14 years,26429
Carlow,Southern,South East,Age,T1_A1 (Age)0 - 14 years,12745
Cavan,Northern & Western,Border,Age,T1_A1 (Age)0 - 14 years,17330
Clare,Southern,Mid West,Age,T1_A1 (Age)0 - 14 years,24689
Cork,Southern,South West,Age,T1_A1 (Age)0 - 14 years,113728
Donegal,Northern & Western,Border,Age,T1_A1 (Age)0 - 14 years,34523
Dublin,Eastern & Midland,Dublin,Age,T1_A1 (Age)0 - 14 years,127390
Fingal,Eastern & Midland,Dublin,Age,T1_A1 (Age)0 - 14 years,70282
Galway,Northern & Western,West,Age,T1_A1 (Age)0 - 14 years,53921
Kerry,Southern,South West,Age,T1_A1 (Age)0 - 14 years,28777
Kildare,Eastern & Midland,Mid East,Age,T1_A1 (Age)0 - 14 years,53474
Kilkenny,Southern,South East,Age,T1_A1 (Age)0 - 14 years,20912
Laois,Eastern & Midland,Midland,Age,T1_A1 (Age)0 - 14 years,19950
Leitrim,Northern & Western,Border,Age,T1_A1 (Age)0 - 14 years,6729
Limerick,Southern,Mid West,Age,T1_A1 (Age)0 - 14 years,40714
Longford,Eastern & Midland,Midland,Age,T1_A1 (Age)0 - 14 years,9544
Louth,Eastern & Midland,Mid East,Age,T1_A1 (Age)0 - 14 years,30118
Meath,Eastern & Midland,Mid East,Age,T1_A1 (Age)0 - 14 years,48315
Monaghan,Northern & Western,Border,Age,T1_A1 (Age)0 - 14 years,13777
Offaly,Eastern & Midland,Midland,Age,T1_A1 (Age)0 - 14 years,18104
Roscommon,Northern & Western,West,Age,T1_A1 (Age)0 - 14 years,13092
Sligo,Northern & Western,Border,Age,T1_A1 (Age)0 - 14 years,13448
South Dublin,Eastern & Midland,Dublin,Age,T1_A1 (Age)0 - 14 years,63655
Tipperary,Southern,Mid West,Age,T1_A1 (Age)0 - 14 years,33636
Waterford,Southern,South East,Age,T1_A1 (Age)0 - 14 years,25285
Westmeath,Eastern & Midland,Midland,Age,T1_A1 (Age)0 - 14 years,20419
Wexford,Southern,South East,Age,T1_A1 (Age)0 - 14 years,32980
Wicklow,Eastern & Midland,Mid East,Age,T1_A1 (Age)0 - 14 years,31658
Mayo,Northern & Western,West,Age,T1_A2 (Age)15 - 24 years,12041
Carlow,Southern,South East,Age,T1_A2 (Age)15 - 24 years,8371
Cavan,Northern & Western,Border,Age,T1_A2 (Age)15 - 24 years,7204
Clare,Southern,Mid West,Age,T1_A2 (Age)15 - 24 years,10025
Cork,Southern,South West,Age,T1_A2 (Age)15 - 24 years,68110
Donegal,Northern & Western,Border,Age,T1_A2 (Age)15 - 24 years,16553
Dublin,Eastern & Midland,Dublin,Age,T1_A2 (Age)15 - 24 years,137524
Fingal,Eastern & Midland,Dublin,Age,T1_A2 (Age)15 - 24 years,27083
Galway,Northern & Western,West,Age,T1_A2 (Age)15 - 24 years,35851
Kerry,Southern,South West,Age,T1_A2 (Age)15 - 24 years,14386
Kildare,Eastern & Midland,Mid East,Age,T1_A2 (Age)15 - 24 years,27113
Kilkenny,Southern,South East,Age,T1_A2 (Age)15 - 24 years,9033
Laois,Eastern & Midland,Midland,Age,T1_A2 (Age)15 - 24 years,6630
Leitrim,Northern & Western,Border,Age,T1_A2 (Age)15 - 24 years,2518
Limerick,Southern,Mid West,Age,T1_A2 (Age)15 - 24 years,33231
Longford,Eastern & Midland,Midland,Age,T1_A2 (Age)15 - 24 years,4164
Louth,Eastern & Midland,Mid East,Age,T1_A2 (Age)15 - 24 years,15634
Meath,Eastern & Midland,Mid East,Age,T1_A2 (Age)15 - 24 years,15745
Monaghan,Northern & Western,Border,Age,T1_A2 (Age)15 - 24 years,5885
Offaly,Eastern & Midland,Midland,Age,T1_A2 (Age)15 - 24 years,7638
Roscommon,Northern & Western,West,Age,T1_A2 (Age)15 - 24 years,4339
Sligo,Northern & Western,Border,Age,T1_A2 (Age)15 - 24 years,8560
South Dublin,Eastern & Midland,Dublin,Age,T1_A2 (Age)15 - 24 years,26822
Tipperary,Southern,Mid West,Age,T1_A2 (Age)15 - 24 years,15517
Waterford,Southern,South East,Age,T1_A2 (Age)15 - 24 years,15589
Westmeath,Eastern & Midland,Midland,Age,T1_A2 (Age)15 - 24 years,12191
Wexford,Southern,South East,Age,T1_A2 (Age)15 - 24 years,14537
Wicklow,Eastern & Midland,Mid East,Age,T1_A2 (Age)15 - 24 years,11993
Mayo,Northern & Western,West,Age,T1_A3 (Age)25 - 34 years,13460
Carlow,Southern,South East,Age,T1_A3 (Age)25 - 34 years,7410
Cavan,Northern & Western,Border,Age,T1_A3 (Age)25 - 34 years,8411
Clare,Southern,Mid West,Age,T1_A3 (Age)25 - 34 years,12041
Cork,Southern,South West,Age,T1_A3 (Age)25 - 34 years,73625
Donegal,Northern & Western,Border,Age,T1_A3 (Age)25 - 34 years,16745
Dublin,Eastern & Midland,Dublin,Age,T1_A3 (Age)25 - 34 years,179681
Fingal,Eastern & Midland,Dublin,Age,T1_A3 (Age)25 - 34 years,41428
Galway,Northern & Western,West,Age,T1_A3 (Age)25 - 34 years,34091
Kerry,Southern,South West,Age,T1_A3 (Age)25 - 34 years,15775
Kildare,Eastern & Midland,Mid East,Age,T1_A3 (Age)25 - 34 years,26040
Kilkenny,Southern,South East,Age,T1_A3 (Age)25 - 34 years,10982
Laois,Eastern & Midland,Midland,Age,T1_A3 (Age)25 - 34 years,9070
Leitrim,Northern & Western,Border,Age,T1_A3 (Age)25 - 34 years,2887
Limerick,Southern,Mid West,Age,T1_A3 (Age)25 - 34 years,27766
Longford,Eastern & Midland,Midland,Age,T1_A3 (Age)25 - 34 years,4841
Louth,Eastern & Midland,Mid East,Age,T1_A3 (Age)25 - 34 years,15726
Meath,Eastern & Midland,Mid East,Age,T1_A3 (Age)25 - 34 years,18089
Monaghan,Northern & Western,Border,Age,T1_A3 (Age)25 - 34 years,6870
Offaly,Eastern & Midland,Midland,Age,T1_A3 (Age)25 - 34 years,8190
Roscommon,Northern & Western,West,Age,T1_A3 (Age)25 - 34 years,5621
Sligo,Northern & Western,Border,Age,T1_A3 (Age)25 - 34 years,7599
South Dublin,Eastern & Midland,Dublin,Age,T1_A3 (Age)25 - 34 years,37528
Tipperary,Southern,Mid West,Age,T1_A3 (Age)25 - 34 years,16857
Waterford,Southern,South East,Age,T1_A3 (Age)25 - 34 years,14362
Westmeath,Eastern & Midland,Midland,Age,T1_A3 (Age)25 - 34 years,12176
Wexford,Southern,South East,Age,T1_A3 (Age)25 - 34 years,16095
Wicklow,Eastern & Midland,Mid East,Age,T1_A3 (Age)25 - 34 years,13601
Mayo,Northern & Western,West,Age,T1_A4 (Age)35 - 44 years,17163
Carlow,Southern,South East,Age,T1_A4 (Age)35 - 44 years,8424
Cavan,Northern & Western,Border,Age,T1_A4 (Age)35 - 44 years,10077
Clare,Southern,Mid West,Age,T1_A4 (Age)35 - 44 years,16403
Cork,Southern,South West,Age,T1_A4 (Age)35 - 44 years,85477
Donegal,Northern & Western,Border,Age,T1_A4 (Age)35 - 44 years,21259
Dublin,Eastern & Midland,Dublin,Age,T1_A4 (Age)35 - 44 years,163983
Fingal,Eastern & Midland,Dublin,Age,T1_A4 (Age)35 - 44 years,47953
Galway,Northern & Western,West,Age,T1_A4 (Age)35 - 44 years,40503
Kerry,Southern,South West,Age,T1_A4 (Age)35 - 44 years,20662
Kildare,Eastern & Midland,Mid East,Age,T1_A4 (Age)35 - 44 years,32261
Kilkenny,Southern,South East,Age,T1_A4 (Age)35 - 44 years,13882
Laois,Eastern & Midland,Midland,Age,T1_A4 (Age)35 - 44 years,10723
Leitrim,Northern & Western,Border,Age,T1_A4 (Age)35 - 44 years,3827
Limerick,Southern,Mid West,Age,T1_A4 (Age)35 - 44 years,31996
Longford,Eastern & Midland,Midland,Age,T1_A4 (Age)35 - 44 years,5925
Louth,Eastern & Midland,Mid East,Age,T1_A4 (Age)35 - 44 years,18471
Meath,Eastern & Midland,Mid East,Age,T1_A4 (Age)35 - 44 years,23988
Monaghan,Northern & Western,Border,Age,T1_A4 (Age)35 - 44 years,8283
Offaly,Eastern & Midland,Midland,Age,T1_A4 (Age)35 - 44 years,10197
Roscommon,Northern & Western,West,Age,T1_A4 (Age)35 - 44 years,7282
Sligo,Northern & Western,Border,Age,T1_A4 (Age)35 - 44 years,9629
South Dublin,Eastern & Midland,Dublin,Age,T1_A4 (Age)35 - 44 years,43576
Tipperary,Southern,Mid West,Age,T1_A4 (Age)35 - 44 years,21516
Waterford,Southern,South East,Age,T1_A4 (Age)35 - 44 years,18235
Westmeath,Eastern & Midland,Midland,Age,T1_A4 (Age)35 - 44 years,13890
Wexford,Southern,South East,Age,T1_A4 (Age)35 - 44 years,20418
Wicklow,Eastern & Midland,Mid East,Age,T1_A4 (Age)35 - 44 years,17423
Mayo,Northern & Western,West,Age,T1_A5 (Age)45 - 54 years,17542
Carlow,Southern,South East,Age,T1_A5 (Age)45 - 54 years,7323
Cavan,Northern & Western,Border,Age,T1_A5 (Age)45 - 54 years,9527
Clare,Southern,Mid West,Age,T1_A5 (Age)45 - 54 years,15526
Cork,Southern,South West,Age,T1_A5 (Age)45 - 54 years,72549
Donegal,Northern & Western,Border,Age,T1_A5 (Age)45 - 54 years,20425
Dublin,Eastern & Midland,Dublin,Age,T1_A5 (Age)45 - 54 years,120741
Fingal,Eastern & Midland,Dublin,Age,T1_A5 (Age)45 - 54 years,34531
Galway,Northern & Western,West,Age,T1_A5 (Age)45 - 54 years,33273
Kerry,Southern,South West,Age,T1_A5 (Age)45 - 54 years,19963
Kildare,Eastern & Midland,Mid East,Age,T1_A5 (Age)45 - 54 years,26045
Kilkenny,Southern,South East,Age,T1_A5 (Age)45 - 54 years,12533
Laois,Eastern & Midland,Midland,Age,T1_A5 (Age)45 - 54 years,9636
Leitrim,Northern & Western,Border,Age,T1_A5 (Age)45 - 54 years,3927
Limerick,Southern,Mid West,Age,T1_A5 (Age)45 - 54 years,26983
Longford,Eastern & Midland,Midland,Age,T1_A5 (Age)45 - 54 years,5290
Louth,Eastern & Midland,Mid East,Age,T1_A5 (Age)45 - 54 years,16159
Meath,Eastern & Midland,Mid East,Age,T1_A5 (Age)45 - 54 years,20639
Monaghan,Northern & Western,Border,Age,T1_A5 (Age)45 - 54 years,7508
Offaly,Eastern & Midland,Midland,Age,T1_A5 (Age)45 - 54 years,9706
Roscommon,Northern & Western,West,Age,T1_A5 (Age)45 - 54 years,7561
Sligo,Northern & Western,Border,Age,T1_A5 (Age)45 - 54 years,8875
South Dublin,Eastern & Midland,Dublin,Age,T1_A5 (Age)45 - 54 years,32027
Tipperary,Southern,Mid West,Age,T1_A5 (Age)45 - 54 years,20735
Waterford,Southern,South East,Age,T1_A5 (Age)45 - 54 years,16442
Westmeath,Eastern & Midland,Midland,Age,T1_A5 (Age)45 - 54 years,12331
Wexford,Southern,South East,Age,T1_A5 (Age)45 - 54 years,19406
Wicklow,Eastern & Midland,Mid East,Age,T1_A5 (Age)45 - 54 years,16270
Mayo,Northern & Western,West,Age,T1_A6 (Age)55 - 64 years,16768
Carlow,Southern,South East,Age,T1_A6 (Age)55 - 64 years,6069
Cavan,Northern & Western,Border,Age,T1_A6 (Age)55 - 64 years,8220
Clare,Southern,Mid West,Age,T1_A6 (Age)55 - 64 years,13388
Cork,Southern,South West,Age,T1_A6 (Age)55 - 64 years,58163
Donegal,Northern & Western,Border,Age,T1_A6 (Age)55 - 64 years,17749
Dublin,Eastern & Midland,Dublin,Age,T1_A6 (Age)55 - 64 years,88575
Fingal,Eastern & Midland,Dublin,Age,T1_A6 (Age)55 - 64 years,24697
Galway,Northern & Western,West,Age,T1_A6 (Age)55 - 64 years,27665
Kerry,Southern,South West,Age,T1_A6 (Age)55 - 64 years,18646
Kildare,Eastern & Midland,Mid East,Age,T1_A6 (Age)55 - 64 years,19543
Kilkenny,Southern,South East,Age,T1_A6 (Age)55 - 64 years,10981
Laois,Eastern & Midland,Midland,Age,T1_A6 (Age)55 - 64 years,7977
Leitrim,Northern & Western,Border,Age,T1_A6 (Age)55 - 64 years,3929
Limerick,Southern,Mid West,Age,T1_A6 (Age)55 - 64 years,22663
Longford,Eastern & Midland,Midland,Age,T1_A6 (Age)55 - 64 years,4669
Louth,Eastern & Midland,Mid East,Age,T1_A6 (Age)55 - 64 years,12790
Meath,Eastern & Midland,Mid East,Age,T1_A6 (Age)55 - 64 years,16473
Monaghan,Northern & Western,Border,Age,T1_A6 (Age)55 - 64 years,6613
Offaly,Eastern & Midland,Midland,Age,T1_A6 (Age)55 - 64 years,8315
Roscommon,Northern & Western,West,Age,T1_A6 (Age)55 - 64 years,7524
Sligo,Northern & Western,Border,Age,T1_A6 (Age)55 - 64 years,8105
South Dublin,Eastern & Midland,Dublin,Age,T1_A6 (Age)55 - 64 years,26976
Tipperary,Southern,Mid West,Age,T1_A6 (Age)55 - 64 years,18421
Waterford,Southern,South East,Age,T1_A6 (Age)55 - 64 years,13197
Westmeath,Eastern & Midland,Midland,Age,T1_A6 (Age)55 - 64 years,9683
Wexford,Southern,South East,Age,T1_A6 (Age)55 - 64 years,16377
Wicklow,Eastern & Midland,Mid East,Age,T1_A6 (Age)55 - 64 years,13637
Mayo,Northern & Western,West,Age,T1_A7 (Age)65 years and over,22680
Carlow,Southern,South East,Age,T1_A7 (Age)65 years and over,7436
Cavan,Northern & Western,Border,Age,T1_A7 (Age)65 years and over,10401
Clare,Southern,Mid West,Age,T1_A7 (Age)65 years and over,17704
Cork,Southern,South West,Age,T1_A7 (Age)65 years and over,73895
Donegal,Northern & Western,Border,Age,T1_A7 (Age)65 years and over,25009
Dublin,Eastern & Midland,Dublin,Age,T1_A7 (Age)65 years and over,108000
Fingal,Eastern & Midland,Dublin,Age,T1_A7 (Age)65 years and over,26805
Galway,Northern & Western,West,Age,T1_A7 (Age)65 years and over,34408
Kerry,Southern,South West,Age,T1_A7 (Age)65 years and over,24762
Kildare,Eastern & Midland,Mid East,Age,T1_A7 (Age)65 years and over,21961
Kilkenny,Southern,South East,Age,T1_A7 (Age)65 years and over,13954
Laois,Eastern & Midland,Midland,Age,T1_A7 (Age)65 years and over,9604
Leitrim,Northern & Western,Border,Age,T1_A7 (Age)65 years and over,5416
Limerick,Southern,Mid West,Age,T1_A7 (Age)65 years and over,27564
Longford,Eastern & Midland,Midland,Age,T1_A7 (Age)65 years and over,5891
Louth,Eastern & Midland,Mid East,Age,T1_A7 (Age)65 years and over,16053
Meath,Eastern & Midland,Mid East,Age,T1_A7 (Age)65 years and over,20680
Monaghan,Northern & Western,Border,Age,T1_A7 (Age)65 years and over,8701
Offaly,Eastern & Midland,Midland,Age,T1_A7 (Age)65 years and over,10567
Roscommon,Northern & Western,West,Age,T1_A7 (Age)65 years and over,10795
Sligo,Northern & Western,Border,Age,T1_A7 (Age)65 years and over,10595
South Dublin,Eastern & Midland,Dublin,Age,T1_A7 (Age)65 years and over,30876
Tipperary,Southern,Mid West,Age,T1_A7 (Age)65 years and over,24574
Waterford,Southern,South East,Age,T1_A7 (Age)65 years and over,17246
Westmeath,Eastern & Midland,Midland,Age,T1_A7 (Age)65 years and over,11433
Wexford,Southern,South East,Age,T1_A7 (Age)65 years and over,21855
Wicklow,Eastern & Midland,Mid East,Age,T1_A7 (Age)65 years and over,18543
Mayo,Northern & Western,West,Age,T1_T (Age)Total,126083
Carlow,Southern,South East,Age,T1_T (Age)Total,57778
Cavan,Northern & Western,Border,Age,T1_T (Age)Total,71170
Clare,Southern,Mid West,Age,T1_T (Age)Total,109776
Cork,Southern,South West,Age,T1_T (Age)Total,545547
Donegal,Northern & Western,Border,Age,T1_T (Age)Total,152263
Dublin,Eastern & Midland,Dublin,Age,T1_T (Age)Total,925894
Fingal,Eastern & Midland,Dublin,Age,T1_T (Age)Total,272779
Galway,Northern & Western,West,Age,T1_T (Age)Total,259712
Kerry,Southern,South West,Age,T1_T (Age)Total,142971
Kildare,Eastern & Midland,Mid East,Age,T1_T (Age)Total,206437
Kilkenny,Southern,South East,Age,T1_T (Age)Total,92277
Laois,Eastern & Midland,Midland,Age,T1_T (Age)Total,73590
Leitrim,Northern & Western,Border,Age,T1_T (Age)Total,29233
Limerick,Southern,Mid West,Age,T1_T (Age)Total,210917
Longford,Eastern & Midland,Midland,Age,T1_T (Age)Total,40324
Louth,Eastern & Midland,Mid East,Age,T1_T (Age)Total,124951
Meath,Eastern & Midland,Mid East,Age,T1_T (Age)Total,163929
Monaghan,Northern & Western,Border,Age,T1_T (Age)Total,57637
Offaly,Eastern & Midland,Midland,Age,T1_T (Age)Total,72717
Roscommon,Northern & Western,West,Age,T1_T (Age)Total,56214
Sligo,Northern & Western,Border,Age,T1_T (Age)Total,66811
South Dublin,Eastern & Midland,Dublin,Age,T1_T (Age)Total,261460
Tipperary,Southern,Mid West,Age,T1_T (Age)Total,151256
Waterford,Southern,South East,Age,T1_T (Age)Total,120356
Westmeath,Eastern & Midland,Midland,Age,T1_T (Age)Total,92123
Wexford,Southern,South East,Age,T1_T (Age)Total,141668
Wicklow,Eastern & Midland,Mid East,Age,T1_T (Age)Total,123125
Mayo,Northern & Western,West,Social Class,T6_SC1 (Social Class)Professional Workers,7514
Carlow,Southern,South East,Social Class,T6_SC1 (Social Class)Professional Workers,3487
Cavan,Northern & Western,Border,Social Class,T6_SC1 (Social Class)Professional Workers,3905
Clare,Southern,Mid West,Social Class,T6_SC1 (Social Class)Professional Workers,7806
Cork,Southern,South West,Social Class,T6_SC1 (Social Class)Professional Workers,49214
Donegal,Northern & Western,Border,Social Class,T6_SC1 (Social Class)Professional Workers,8178
Dublin,Eastern & Midland,Dublin,Social Class,T6_SC1 (Social Class)Professional Workers,109212
Fingal,Eastern & Midland,Dublin,Social Class,T6_SC1 (Social Class)Professional Workers,21471
Galway,Northern & Western,West,Social Class,T6_SC1 (Social Class)Professional Workers,22799
Kerry,Southern,South West,Social Class,T6_SC1 (Social Class)Professional Workers,8827
Kildare,Eastern & Midland,Mid East,Social Class,T6_SC1 (Social Class)Professional Workers,16948
Kilkenny,Southern,South East,Social Class,T6_SC1 (Social Class)Professional Workers,6676
Laois,Eastern & Midland,Midland,Social Class,T6_SC1 (Social Class)Professional Workers,3909
Leitrim,Northern & Western,Border,Social Class,T6_SC1 (Social Class)Professional Workers,1637
Limerick,Southern,Mid West,Social Class,T6_SC1 (Social Class)Professional Workers,17499
Longford,Eastern & Midland,Midland,Social Class,T6_SC1 (Social Class)Professional Workers,1842
Louth,Eastern & Midland,Mid East,Social Class,T6_SC1 (Social Class)Professional Workers,7825
Meath,Eastern & Midland,Mid East,Social Class,T6_SC1 (Social Class)Professional Workers,11658
Monaghan,Northern & Western,Border,Social Class,T6_SC1 (Social Class)Professional Workers,2773
Offaly,Eastern & Midland,Midland,Social Class,T6_SC1 (Social Class)Professional Workers,3747
Roscommon,Northern & Western,West,Social Class,T6_SC1 (Social Class)Professional Workers,3326
Sligo,Northern & Western,Border,Social Class,T6_SC1 (Social Class)Professional Workers,5285
South Dublin,Eastern & Midland,Dublin,Social Class,T6_SC1 (Social Class)Professional Workers,17873
Tipperary,Southern,Mid West,Social Class,T6_SC1 (Social Class)Professional Workers,9400
Waterford,Southern,South East,Social Class,T6_SC1 (Social Class)Professional Workers,9134
Westmeath,Eastern & Midland,Midland,Social Class,T6_SC1 (Social Class)Professional Workers,6200
Wexford,Southern,South East,Social Class,T6_SC1 (Social Class)Professional Workers,7460
Wicklow,Eastern & Midland,Mid East,Social Class,T6_SC1 (Social Class)Professional Workers,9439
Mayo,Northern & Western,West,Social Class,T6_SC2 (Social Class)Managerial and Technical,31880
Carlow,Southern,South East,Social Class,T6_SC2 (Social Class)Managerial and Technical,13627
Cavan,Northern & Western,Border,Social Class,T6_SC2 (Social Class)Managerial and Technical,16500
Clare,Southern,Mid West,Social Class,T6_SC2 (Social Class)Managerial and Technical,30059
Cork,Southern,South West,Social Class,T6_SC2 (Social Class)Managerial and Technical,152035
Donegal,Northern & Western,Border,Social Class,T6_SC2 (Social Class)Managerial and Technical,35743
Dublin,Eastern & Midland,Dublin,Social Class,T6_SC2 (Social Class)Managerial and Technical,302735
Fingal,Eastern & Midland,Dublin,Social Class,T6_SC2 (Social Class)Managerial and Technical,83964
Galway,Northern & Western,West,Social Class,T6_SC2 (Social Class)Managerial and Technical,72475
Kerry,Southern,South West,Social Class,T6_SC2 (Social Class)Managerial and Technical,35870
Kildare,Eastern & Midland,Mid East,Social Class,T6_SC2 (Social Class)Managerial and Technical,61843
Kilkenny,Southern,South East,Social Class,T6_SC2 (Social Class)Managerial and Technical,26314
Laois,Eastern & Midland,Midland,Social Class,T6_SC2 (Social Class)Managerial and Technical,18570
Leitrim,Northern & Western,Border,Social Class,T6_SC2 (Social Class)Managerial and Technical,7649
Limerick,Southern,Mid West,Social Class,T6_SC2 (Social Class)Managerial and Technical,55773
Longford,Eastern & Midland,Midland,Social Class,T6_SC2 (Social Class)Managerial and Technical,9133
Louth,Eastern & Midland,Mid East,Social Class,T6_SC2 (Social Class)Managerial and Technical,31058
Meath,Eastern & Midland,Mid East,Social Class,T6_SC2 (Social Class)Managerial and Technical,46445
Monaghan,Northern & Western,Border,Social Class,T6_SC2 (Social Class)Managerial and Technical,13135
Offaly,Eastern & Midland,Midland,Social Class,T6_SC2 (Social Class)Managerial and Technical,17832
Roscommon,Northern & Western,West,Social Class,T6_SC2 (Social Class)Managerial and Technical,14496
Sligo,Northern & Western,Border,Social Class,T6_SC2 (Social Class)Managerial and Technical,18102
South Dublin,Eastern & Midland,Dublin,Social Class,T6_SC2 (Social Class)Managerial and Technical,73525
Tipperary,Southern,Mid West,Social Class,T6_SC2 (Social Class)Managerial and Technical,36820
Waterford,Southern,South East,Social Class,T6_SC2 (Social Class)Managerial and Technical,30662
Westmeath,Eastern & Midland,Midland,Social Class,T6_SC2 (Social Class)Managerial and Technical,24379
Wexford,Southern,South East,Social Class,T6_SC2 (Social Class)Managerial and Technical,35037
Wicklow,Eastern & Midland,Mid East,Social Class,T6_SC2 (Social Class)Managerial and Technical,36151
Mayo,Northern & Western,West,Social Class,T6_SC3 (Social Class)Non-manual,22449
Carlow,Southern,South East,Social Class,T6_SC3 (Social Class)Non-manual,9612
Cavan,Northern & Western,Border,Social Class,T6_SC3 (Social Class)Non-manual,12549
Clare,Southern,Mid West,Social Class,T6_SC3 (Social Class)Non-manual,19087
Cork,Southern,South West,Social Class,T6_SC3 (Social Class)Non-manual,96623
Donegal,Northern & Western,Border,Social Class,T6_SC3 (Social Class)Non-manual,26950
Dublin,Eastern & Midland,Dublin,Social Class,T6_SC3 (Social Class)Non-manual,162920
Fingal,Eastern & Midland,Dublin,Social Class,T6_SC3 (Social Class)Non-manual,49057
Galway,Northern & Western,West,Social Class,T6_SC3 (Social Class)Non-manual,42421
Kerry,Southern,South West,Social Class,T6_SC3 (Social Class)Non-manual,26032
Kildare,Eastern & Midland,Mid East,Social Class,T6_SC3 (Social Class)Non-manual,36184
Kilkenny,Southern,South East,Social Class,T6_SC3 (Social Class)Non-manual,16174
Laois,Eastern & Midland,Midland,Social Class,T6_SC3 (Social Class)Non-manual,12691
Leitrim,Northern & Western,Border,Social Class,T6_SC3 (Social Class)Non-manual,5532
Limerick,Southern,Mid West,Social Class,T6_SC3 (Social Class)Non-manual,36378
Longford,Eastern & Midland,Midland,Social Class,T6_SC3 (Social Class)Non-manual,6940
Louth,Eastern & Midland,Mid East,Social Class,T6_SC3 (Social Class)Non-manual,23258
Meath,Eastern & Midland,Mid East,Social Class,T6_SC3 (Social Class)Non-manual,28081
Monaghan,Northern & Western,Border,Social Class,T6_SC3 (Social Class)Non-manual,9849
Offaly,Eastern & Midland,Midland,Social Class,T6_SC3 (Social Class)Non-manual,12134
Roscommon,Northern & Western,West,Social Class,T6_SC3 (Social Class)Non-manual,10352
Sligo,Northern & Western,Border,Social Class,T6_SC3 (Social Class)Non-manual,12043
South Dublin,Eastern & Midland,Dublin,Social Class,T6_SC3 (Social Class)Non-manual,47125
Tipperary,Southern,Mid West,Social Class,T6_SC3 (Social Class)Non-manual,26734
Waterford,Southern,South East,Social Class,T6_SC3 (Social Class)Non-manual,21288
Westmeath,Eastern & Midland,Midland,Social Class,T6_SC3 (Social Class)Non-manual,16922
Wexford,Southern,South East,Social Class,T6_SC3 (Social Class)Non-manual,25467
Wicklow,Eastern & Midland,Mid East,Social Class,T6_SC3 (Social Class)Non-manual,20064
Mayo,Northern & Western,West,Social Class,T6_SC4 (Social Class)Skilled manual,20171
Carlow,Southern,South East,Social Class,T6_SC4 (Social Class)Skilled manual,9294
Cavan,Northern & Western,Border,Social Class,T6_SC4 (Social Class)Skilled manual,12966
Clare,Southern,Mid West,Social Class,T6_SC4 (Social Class)Skilled manual,17053
Cork,Southern,South West,Social Class,T6_SC4 (Social Class)Skilled manual,77616
Donegal,Northern & Western,Border,Social Class,T6_SC4 (Social Class)Skilled manual,24949
Dublin,Eastern & Midland,Dublin,Social Class,T6_SC4 (Social Class)Skilled manual,90262
Fingal,Eastern & Midland,Dublin,Social Class,T6_SC4 (Social Class)Skilled manual,38982
Galway,Northern & Western,West,Social Class,T6_SC4 (Social Class)Skilled manual,33826
Kerry,Southern,South West,Social Class,T6_SC4 (Social Class)Skilled manual,22400
Kildare,Eastern & Midland,Mid East,Social Class,T6_SC4 (Social Class)Skilled manual,29983
Kilkenny,Southern,South East,Social Class,T6_SC4 (Social Class)Skilled manual,14990
Laois,Eastern & Midland,Midland,Social Class,T6_SC4 (Social Class)Skilled manual,11585
Leitrim,Northern & Western,Border,Social Class,T6_SC4 (Social Class)Skilled manual,4586
Limerick,Southern,Mid West,Social Class,T6_SC4 (Social Class)Skilled manual,28419
Longford,Eastern & Midland,Midland,Social Class,T6_SC4 (Social Class)Skilled manual,6456
Louth,Eastern & Midland,Mid East,Social Class,T6_SC4 (Social Class)Skilled manual,19672
Meath,Eastern & Midland,Mid East,Social Class,T6_SC4 (Social Class)Skilled manual,28297
Monaghan,Northern & Western,Border,Social Class,T6_SC4 (Social Class)Skilled manual,11159
Offaly,Eastern & Midland,Midland,Social Class,T6_SC4 (Social Class)Skilled manual,12397
Roscommon,Northern & Western,West,Social Class,T6_SC4 (Social Class)Skilled manual,8657
Sligo,Northern & Western,Border,Social Class,T6_SC4 (Social Class)Skilled manual,9345
South Dublin,Eastern & Midland,Dublin,Social Class,T6_SC4 (Social Class)Skilled manual,41205
Tipperary,Southern,Mid West,Social Class,T6_SC4 (Social Class)Skilled manual,22939
Waterford,Southern,South East,Social Class,T6_SC4 (Social Class)Skilled manual,17085
Westmeath,Eastern & Midland,Midland,Social Class,T6_SC4 (Social Class)Skilled manual,13333
Wexford,Southern,South East,Social Class,T6_SC4 (Social Class)Skilled manual,24041
Wicklow,Eastern & Midland,Mid East,Social Class,T6_SC4 (Social Class)Skilled manual,18618
Mayo,Northern & Western,West,Social Class,T6_SC5 (Social Class)Semi-Skilled,16153
Carlow,Southern,South East,Social Class,T6_SC5 (Social Class)Semi-Skilled,6278
Cavan,Northern & Western,Border,Social Class,T6_SC5 (Social Class)Semi-Skilled,9076
Clare,Southern,Mid West,Social Class,T6_SC5 (Social Class)Semi-Skilled,12478
Cork,Southern,South West,Social Class,T6_SC5 (Social Class)Semi-Skilled,61776
Donegal,Northern & Western,Border,Social Class,T6_SC5 (Social Class)Semi-Skilled,18913
Dublin,Eastern & Midland,Dublin,Social Class,T6_SC5 (Social Class)Semi-Skilled,68729
Fingal,Eastern & Midland,Dublin,Social Class,T6_SC5 (Social Class)Semi-Skilled,25779
Galway,Northern & Western,West,Social Class,T6_SC5 (Social Class)Semi-Skilled,30726
Kerry,Southern,South West,Social Class,T6_SC5 (Social Class)Semi-Skilled,16148
Kildare,Eastern & Midland,Mid East,Social Class,T6_SC5 (Social Class)Semi-Skilled,21075
Kilkenny,Southern,South East,Social Class,T6_SC5 (Social Class)Semi-Skilled,9953
Laois,Eastern & Midland,Midland,Social Class,T6_SC5 (Social Class)Semi-Skilled,8371
Leitrim,Northern & Western,Border,Social Class,T6_SC5 (Social Class)Semi-Skilled,3268
Limerick,Southern,Mid West,Social Class,T6_SC5 (Social Class)Semi-Skilled,22594
Longford,Eastern & Midland,Midland,Social Class,T6_SC5 (Social Class)Semi-Skilled,4809
Louth,Eastern & Midland,Mid East,Social Class,T6_SC5 (Social Class)Semi-Skilled,14456
Meath,Eastern & Midland,Mid East,Social Class,T6_SC5 (Social Class)Semi-Skilled,17747
Monaghan,Northern & Western,Border,Social Class,T6_SC5 (Social Class)Semi-Skilled,7843
Offaly,Eastern & Midland,Midland,Social Class,T6_SC5 (Social Class)Semi-Skilled,8548
Roscommon,Northern & Western,West,Social Class,T6_SC5 (Social Class)Semi-Skilled,6635
Sligo,Northern & Western,Border,Social Class,T6_SC5 (Social Class)Semi-Skilled,7407
South Dublin,Eastern & Midland,Dublin,Social Class,T6_SC5 (Social Class)Semi-Skilled,25847
Tipperary,Southern,Mid West,Social Class,T6_SC5 (Social Class)Semi-Skilled,19028
Waterford,Southern,South East,Social Class,T6_SC5 (Social Class)Semi-Skilled,14385
Westmeath,Eastern & Midland,Midland,Social Class,T6_SC5 (Social Class)Semi-Skilled,10144
Wexford,Southern,South East,Social Class,T6_SC5 (Social Class)Semi-Skilled,18064
Wicklow,Eastern & Midland,Mid East,Social Class,T6_SC5 (Social Class)Semi-Skilled,13678
Mayo,Northern & Western,West,Social Class,T6_SC6 (Social Class)Unskilled,4881
Carlow,Southern,South East,Social Class,T6_SC6 (Social Class)Unskilled,2738
Cavan,Northern & Western,Border,Social Class,T6_SC6 (Social Class)Unskilled,3162
Clare,Southern,Mid West,Social Class,T6_SC6 (Social Class)Unskilled,3907
Cork,Southern,South West,Social Class,T6_SC6 (Social Class)Unskilled,17753
Donegal,Northern & Western,Border,Social Class,T6_SC6 (Social Class)Unskilled,6755
Dublin,Eastern & Midland,Dublin,Social Class,T6_SC6 (Social Class)Unskilled,25306
Fingal,Eastern & Midland,Dublin,Social Class,T6_SC6 (Social Class)Unskilled,9299
Galway,Northern & Western,West,Social Class,T6_SC6 (Social Class)Unskilled,8222
Kerry,Southern,South West,Social Class,T6_SC6 (Social Class)Unskilled,5316
Kildare,Eastern & Midland,Mid East,Social Class,T6_SC6 (Social Class)Unskilled,7589
Kilkenny,Southern,South East,Social Class,T6_SC6 (Social Class)Unskilled,3833
Laois,Eastern & Midland,Midland,Social Class,T6_SC6 (Social Class)Unskilled,3018
Leitrim,Northern & Western,Border,Social Class,T6_SC6 (Social Class)Unskilled,1026
Limerick,Southern,Mid West,Social Class,T6_SC6 (Social Class)Unskilled,7661
Longford,Eastern & Midland,Midland,Social Class,T6_SC6 (Social Class)Unskilled,1643
Louth,Eastern & Midland,Mid East,Social Class,T6_SC6 (Social Class)Unskilled,5203
Meath,Eastern & Midland,Mid East,Social Class,T6_SC6 (Social Class)Unskilled,6644
Monaghan,Northern & Western,Border,Social Class,T6_SC6 (Social Class)Unskilled,3131
Offaly,Eastern & Midland,Midland,Social Class,T6_SC6 (Social Class)Unskilled,3556
Roscommon,Northern & Western,West,Social Class,T6_SC6 (Social Class)Unskilled,1984
Sligo,Northern & Western,Border,Social Class,T6_SC6 (Social Class)Unskilled,2039
South Dublin,Eastern & Midland,Dublin,Social Class,T6_SC6 (Social Class)Unskilled,8560
Tipperary,Southern,Mid West,Social Class,T6_SC6 (Social Class)Unskilled,7069
Waterford,Southern,South East,Social Class,T6_SC6 (Social Class)Unskilled,5204
Westmeath,Eastern & Midland,Midland,Social Class,T6_SC6 (Social Class)Unskilled,3190
Wexford,Southern,South East,Social Class,T6_SC6 (Social Class)Unskilled,6999
Wicklow,Eastern & Midland,Mid East,Social Class,T6_SC6 (Social Class)Unskilled,4405
Mayo,Northern & Western,West,Social Class,T6_SC7 (Social Class)All other gainfully occupied and unknown,23035
Carlow,Southern,South East,Social Class,T6_SC7 (Social Class)All other gainfully occupied and unknown,12742
Cavan,Northern & Western,Border,Social Class,T6_SC7 (Social Class)All other gainfully occupied and unknown,13012
Clare,Southern,Mid West,Social Class,T6_SC7 (Social Class)All other gainfully occupied and unknown,19386
Cork,Southern,South West,Social Class,T6_SC7 (Social Class)All other gainfully occupied and unknown,90530
Donegal,Northern & Western,Border,Social Class,T6_SC7 (Social Class)All other gainfully occupied and unknown,30775
Dublin,Eastern & Midland,Dublin,Social Class,T6_SC7 (Social Class)All other gainfully occupied and unknown,166730
Fingal,Eastern & Midland,Dublin,Social Class,T6_SC7 (Social Class)All other gainfully occupied and unknown,44227
Galway,Northern & Western,West,Social Class,T6_SC7 (Social Class)All other gainfully occupied and unknown,49243
Kerry,Southern,South West,Social Class,T6_SC7 (Social Class)All other gainfully occupied and unknown,28378
Kildare,Eastern & Midland,Mid East,Social Class,T6_SC7 (Social Class)All other gainfully occupied and unknown,32815
Kilkenny,Southern,South East,Social Class,T6_SC7 (Social Class)All other gainfully occupied and unknown,14337
Laois,Eastern & Midland,Midland,Social Class,T6_SC7 (Social Class)All other gainfully occupied and unknown,15446
Leitrim,Northern & Western,Border,Social Class,T6_SC7 (Social Class)All other gainfully occupied and unknown,5535
Limerick,Southern,Mid West,Social Class,T6_SC7 (Social Class)All other gainfully occupied and unknown,42593
Longford,Eastern & Midland,Midland,Social Class,T6_SC7 (Social Class)All other gainfully occupied and unknown,9501
Louth,Eastern & Midland,Mid East,Social Class,T6_SC7 (Social Class)All other gainfully occupied and unknown,23479
Meath,Eastern & Midland,Mid East,Social Class,T6_SC7 (Social Class)All other gainfully occupied and unknown,25057
Monaghan,Northern & Western,Border,Social Class,T6_SC7 (Social Class)All other gainfully occupied and unknown,9747
Offaly,Eastern & Midland,Midland,Social Class,T6_SC7 (Social Class)All other gainfully occupied and unknown,14503
Roscommon,Northern & Western,West,Social Class,T6_SC7 (Social Class)All other gainfully occupied and unknown,10764
Sligo,Northern & Western,Border,Social Class,T6_SC7 (Social Class)All other gainfully occupied and unknown,12590
South Dublin,Eastern & Midland,Dublin,Social Class,T6_SC7 (Social Class)All other gainfully occupied and unknown,47325
Tipperary,Southern,Mid West,Social Class,T6_SC7 (Social Class)All other gainfully occupied and unknown,29266
Waterford,Southern,South East,Social Class,T6_SC7 (Social Class)All other gainfully occupied and unknown,22598
Westmeath,Eastern & Midland,Midland,Social Class,T6_SC7 (Social Class)All other gainfully occupied and unknown,17955
Wexford,Southern,South East,Social Class,T6_SC7 (Social Class)All other gainfully occupied and unknown,24600
Wicklow,Eastern & Midland,Mid East,Social Class,T6_SC7 (Social Class)All other gainfully occupied and unknown,20770
Mayo,Northern & Western,West,Social Class,T6_T (Social Class)Total,126083
Carlow,Southern,South East,Social Class,T6_T (Social Class)Total,57778
Cavan,Northern & Western,Border,Social Class,T6_T (Social Class)Total,71170
Clare,Southern,Mid West,Social Class,T6_T (Social Class)Total,109776
Cork,Southern,South West,Social Class,T6_T (Social Class)Total,545547
Donegal,Northern & Western,Border,Social Class,T6_T (Social Class)Total,152263
Dublin,Eastern & Midland,Dublin,Social Class,T6_T (Social Class)Total,925894
Fingal,Eastern & Midland,Dublin,Social Class,T6_T (Social Class)Total,272779
Galway,Northern & Western,West,Social Class,T6_T (Social Class)Total,259712
Kerry,Southern,South West,Social Class,T6_T (Social Class)Total,142971
Kildare,Eastern & Midland,Mid East,Social Class,T6_T (Social Class)Total,206437
Kilkenny,Southern,South East,Social Class,T6_T (Social Class)Total,92277
Laois,Eastern & Midland,Midland,Social Class,T6_T (Social Class)Total,73590
Leitrim,Northern & Western,Border,Social Class,T6_T (Social Class)Total,29233
Limerick,Southern,Mid West,Social Class,T6_T (Social Class)Total,210917
Longford,Eastern & Midland,Midland,Social Class,T6_T (Social Class)Total,40324
Louth,Eastern & Midland,Mid East,Social Class,T6_T (Social Class)Total,124951
Meath,Eastern & Midland,Mid East,Social Class,T6_T (Social Class)Total,163929
Monaghan,Northern & Western,Border,Social Class,T6_T (Social Class)Total,57637
Offaly,Eastern & Midland,Midland,Social Class,T6_T (Social Class)Total,72717
Roscommon,Northern & Western,West,Social Class,T6_T (Social Class)Total,56214
Sligo,Northern & Western,Border,Social Class,T6_T (Social Class)Total,66811
South Dublin,Eastern & Midland,Dublin,Social Class,T6_T (Social Class)Total,261460
Tipperary,Southern,Mid West,Social Class,T6_T (Social Class)Total,151256
Waterford,Southern,South East,Social Class,T6_T (Social Class)Total,120356
Westmeath,Eastern & Midland,Midland,Social Class,T6_T (Social Class)Total,92123
Wexford,Southern,South East,Social Class,T6_T (Social Class)Total,141668
Wicklow,Eastern & Midland,Mid East,Social Class,T6_T (Social Class)Total,123125
Mayo,Northern & Western,West,Industry,"T8_I1 (Industry)Agriculture,forestry and fishing",4379
Carlow,Southern,South East,Industry,"T8_I1 (Industry)Agriculture,forestry and fishing",1612
Cavan,Northern & Western,Border,Industry,"T8_I1 (Industry)Agriculture,forestry and fishing",3361
Clare,Southern,Mid West,Industry,"T8_I1 (Industry)Agriculture,forestry and fishing",3399
Cork,Southern,South West,Industry,"T8_I1 (Industry)Agriculture,forestry and fishing",12065
Donegal,Northern & Western,Border,Industry,"T8_I1 (Industry)Agriculture,forestry and fishing",3933
Dublin,Eastern & Midland,Dublin,Industry,"T8_I1 (Industry)Agriculture,forestry and fishing",461
Fingal,Eastern & Midland,Dublin,Industry,"T8_I1 (Industry)Agriculture,forestry and fishing",1204
Galway,Northern & Western,West,Industry,"T8_I1 (Industry)Agriculture,forestry and fishing",5606
Kerry,Southern,South West,Industry,"T8_I1 (Industry)Agriculture,forestry and fishing",4839
Kildare,Eastern & Midland,Mid East,Industry,"T8_I1 (Industry)Agriculture,forestry and fishing",3452
Kilkenny,Southern,South East,Industry,"T8_I1 (Industry)Agriculture,forestry and fishing",3552
Laois,Eastern & Midland,Midland,Industry,"T8_I1 (Industry)Agriculture,forestry and fishing",2318
Leitrim,Northern & Western,Border,Industry,"T8_I1 (Industry)Agriculture,forestry and fishing",1066
Limerick,Southern,Mid West,Industry,"T8_I1 (Industry)Agriculture,forestry and fishing",4239
Longford,Eastern & Midland,Midland,Industry,"T8_I1 (Industry)Agriculture,forestry and fishing",1136
Louth,Eastern & Midland,Mid East,Industry,"T8_I1 (Industry)Agriculture,forestry and fishing",1245
Meath,Eastern & Midland,Mid East,Industry,"T8_I1 (Industry)Agriculture,forestry and fishing",3734
Monaghan,Northern & Western,Border,Industry,"T8_I1 (Industry)Agriculture,forestry and fishing",2865
Offaly,Eastern & Midland,Midland,Industry,"T8_I1 (Industry)Agriculture,forestry and fishing",2091
Roscommon,Northern & Western,West,Industry,"T8_I1 (Industry)Agriculture,forestry and fishing",2269
Sligo,Northern & Western,Border,Industry,"T8_I1 (Industry)Agriculture,forestry and fishing",1823
South Dublin,Eastern & Midland,Dublin,Industry,"T8_I1 (Industry)Agriculture,forestry and fishing",195
Tipperary,Southern,Mid West,Industry,"T8_I1 (Industry)Agriculture,forestry and fishing",6768
Waterford,Southern,South East,Industry,"T8_I1 (Industry)Agriculture,forestry and fishing",2524
Westmeath,Eastern & Midland,Midland,Industry,"T8_I1 (Industry)Agriculture,forestry and fishing",1995
Wexford,Southern,South East,Industry,"T8_I1 (Industry)Agriculture,forestry and fishing",4248
Wicklow,Eastern & Midland,Mid East,Industry,"T8_I1 (Industry)Agriculture,forestry and fishing",2157
Mayo,Northern & Western,West,Industry,"T8_I2 (Industry)Manufacturing,mining and quarrying",7041
Carlow,Southern,South East,Industry,"T8_I2 (Industry)Manufacturing,mining and quarrying",2821
Cavan,Northern & Western,Border,Industry,"T8_I2 (Industry)Manufacturing,mining and quarrying",4523
Clare,Southern,Mid West,Industry,"T8_I2 (Industry)Manufacturing,mining and quarrying",7655
Cork,Southern,South West,Industry,"T8_I2 (Industry)Manufacturing,mining and quarrying",36915
Donegal,Northern & Western,Border,Industry,"T8_I2 (Industry)Manufacturing,mining and quarrying",4656
Dublin,Eastern & Midland,Dublin,Industry,"T8_I2 (Industry)Manufacturing,mining and quarrying",22977
Fingal,Eastern & Midland,Dublin,Industry,"T8_I2 (Industry)Manufacturing,mining and quarrying",10393
Galway,Northern & Western,West,Industry,"T8_I2 (Industry)Manufacturing,mining and quarrying",17161
Kerry,Southern,South West,Industry,"T8_I2 (Industry)Manufacturing,mining and quarrying",5179
Kildare,Eastern & Midland,Mid East,Industry,"T8_I2 (Industry)Manufacturing,mining and quarrying",12840
Kilkenny,Southern,South East,Industry,"T8_I2 (Industry)Manufacturing,mining and quarrying",4177
Laois,Eastern & Midland,Midland,Industry,"T8_I2 (Industry)Manufacturing,mining and quarrying",2039
Leitrim,Northern & Western,Border,Industry,"T8_I2 (Industry)Manufacturing,mining and quarrying",1177
Limerick,Southern,Mid West,Industry,"T8_I2 (Industry)Manufacturing,mining and quarrying",12031
Longford,Eastern & Midland,Midland,Industry,"T8_I2 (Industry)Manufacturing,mining and quarrying",2695
Louth,Eastern & Midland,Mid East,Industry,"T8_I2 (Industry)Manufacturing,mining and quarrying",5089
Meath,Eastern & Midland,Mid East,Industry,"T8_I2 (Industry)Manufacturing,mining and quarrying",7192
Monaghan,Northern & Western,Border,Industry,"T8_I2 (Industry)Manufacturing,mining and quarrying",3317
Offaly,Eastern & Midland,Midland,Industry,"T8_I2 (Industry)Manufacturing,mining and quarrying",4493
Roscommon,Northern & Western,West,Industry,"T8_I2 (Industry)Manufacturing,mining and quarrying",2511
Sligo,Northern & Western,Border,Industry,"T8_I2 (Industry)Manufacturing,mining and quarrying",3175
South Dublin,Eastern & Midland,Dublin,Industry,"T8_I2 (Industry)Manufacturing,mining and quarrying",13285
Tipperary,Southern,Mid West,Industry,"T8_I2 (Industry)Manufacturing,mining and quarrying",8864
Waterford,Southern,South East,Industry,"T8_I2 (Industry)Manufacturing,mining and quarrying",7566
Westmeath,Eastern & Midland,Midland,Industry,"T8_I2 (Industry)Manufacturing,mining and quarrying",4431
Wexford,Southern,South East,Industry,"T8_I2 (Industry)Manufacturing,mining and quarrying",6098
Wicklow,Eastern & Midland,Mid East,Industry,"T8_I2 (Industry)Manufacturing,mining and quarrying",4750
Mayo,Northern & Western,West,Industry,T8_I3 (Industry)Construction,3111
Carlow,Southern,South East,Industry,T8_I3 (Industry)Construction,1152
Cavan,Northern & Western,Border,Industry,T8_I3 (Industry)Construction,1936
Clare,Southern,Mid West,Industry,T8_I3 (Industry)Construction,2271
Cork,Southern,South West,Industry,T8_I3 (Industry)Construction,11734
Donegal,Northern & Western,Border,Industry,T8_I3 (Industry)Construction,2997
Dublin,Eastern & Midland,Dublin,Industry,T8_I3 (Industry)Construction,11968
Fingal,Eastern & Midland,Dublin,Industry,T8_I3 (Industry)Construction,6027
Galway,Northern & Western,West,Industry,T8_I3 (Industry)Construction,5616
Kerry,Southern,South West,Industry,T8_I3 (Industry)Construction,3156
Kildare,Eastern & Midland,Mid East,Industry,T8_I3 (Industry)Construction,5260
Kilkenny,Southern,South East,Industry,T8_I3 (Industry)Construction,2217
Laois,Eastern & Midland,Midland,Industry,T8_I3 (Industry)Construction,1673
Leitrim,Northern & Western,Border,Industry,T8_I3 (Industry)Construction,593
Limerick,Southern,Mid West,Industry,T8_I3 (Industry)Construction,3918
Longford,Eastern & Midland,Midland,Industry,T8_I3 (Industry)Construction,779
Louth,Eastern & Midland,Mid East,Industry,T8_I3 (Industry)Construction,2245
Meath,Eastern & Midland,Mid East,Industry,T8_I3 (Industry)Construction,5448
Monaghan,Northern & Western,Border,Industry,T8_I3 (Industry)Construction,1646
Offaly,Eastern & Midland,Midland,Industry,T8_I3 (Industry)Construction,1680
Roscommon,Northern & Western,West,Industry,T8_I3 (Industry)Construction,1323
Sligo,Northern & Western,Border,Industry,T8_I3 (Industry)Construction,1103
South Dublin,Eastern & Midland,Dublin,Industry,T8_I3 (Industry)Construction,7391
Tipperary,Southern,Mid West,Industry,T8_I3 (Industry)Construction,3074
Waterford,Southern,South East,Industry,T8_I3 (Industry)Construction,2219
Westmeath,Eastern & Midland,Midland,Industry,T8_I3 (Industry)Construction,1915
Wexford,Southern,South East,Industry,T8_I3 (Industry)Construction,3742
Wicklow,Eastern & Midland,Mid East,Industry,T8_I3 (Industry)Construction,3012
Mayo,Northern & Western,West,Industry,"T8_I4 (Industry)Wholesale,Retail Trade",12306
Carlow,Southern,South East,Industry,"T8_I4 (Industry)Wholesale,Retail Trade",4823
Cavan,Northern & Western,Border,Industry,"T8_I4 (Industry)Wholesale,Retail Trade",5881
Clare,Southern,Mid West,Industry,"T8_I4 (Industry)Wholesale,Retail Trade",10777
Cork,Southern,South West,Industry,"T8_I4 (Industry)Wholesale,Retail Trade",51825
Donegal,Northern & Western,Border,Industry,"T8_I4 (Industry)Wholesale,Retail Trade",13393
Dublin,Eastern & Midland,Dublin,Industry,"T8_I4 (Industry)Wholesale,Retail Trade",84446
Fingal,Eastern & Midland,Dublin,Industry,"T8_I4 (Industry)Wholesale,Retail Trade",41322
Galway,Northern & Western,West,Industry,"T8_I4 (Industry)Wholesale,Retail Trade",23459
Kerry,Southern,South West,Industry,"T8_I4 (Industry)Wholesale,Retail Trade",15731
Kildare,Eastern & Midland,Mid East,Industry,"T8_I4 (Industry)Wholesale,Retail Trade",20063
Kilkenny,Southern,South East,Industry,"T8_I4 (Industry)Wholesale,Retail Trade",8450
Laois,Eastern & Midland,Midland,Industry,"T8_I4 (Industry)Wholesale,Retail Trade",6548
Leitrim,Northern & Western,Border,Industry,"T8_I4 (Industry)Wholesale,Retail Trade",2198
Limerick,Southern,Mid West,Industry,"T8_I4 (Industry)Wholesale,Retail Trade",18328
Longford,Eastern & Midland,Midland,Industry,"T8_I4 (Industry)Wholesale,Retail Trade",3345
Louth,Eastern & Midland,Mid East,Industry,"T8_I4 (Industry)Wholesale,Retail Trade",11607
Meath,Eastern & Midland,Mid East,Industry,"T8_I4 (Industry)Wholesale,Retail Trade",13866
Monaghan,Northern & Western,Border,Industry,"T8_I4 (Industry)Wholesale,Retail Trade",5759
Offaly,Eastern & Midland,Midland,Industry,"T8_I4 (Industry)Wholesale,Retail Trade",5413
Roscommon,Northern & Western,West,Industry,"T8_I4 (Industry)Wholesale,Retail Trade",4345
Sligo,Northern & Western,Border,Industry,"T8_I4 (Industry)Wholesale,Retail Trade",5777
South Dublin,Eastern & Midland,Dublin,Industry,"T8_I4 (Industry)Wholesale,Retail Trade",31390
Tipperary,Southern,Mid West,Industry,"T8_I4 (Industry)Wholesale,Retail Trade",12837
Waterford,Southern,South East,Industry,"T8_I4 (Industry)Wholesale,Retail Trade",10194
Westmeath,Eastern & Midland,Midland,Industry,"T8_I4 (Industry)Wholesale,Retail Trade",8926
Wexford,Southern,South East,Industry,"T8_I4 (Industry)Wholesale,Retail Trade",13754
Wicklow,Eastern & Midland,Mid East,Industry,"T8_I4 (Industry)Wholesale,Retail Trade",11035
Mayo,Northern & Western,West,Industry,"T8_I5 (Industry)Information and Communication, Financial",4285
Carlow,Southern,South East,Industry,"T8_I5 (Industry)Information and Communication, Financial",2463
Cavan,Northern & Western,Border,Industry,"T8_I5 (Industry)Information and Communication, Financial",2373
Clare,Southern,Mid West,Industry,"T8_I5 (Industry)Information and Communication, Financial",5876
Cork,Southern,South West,Industry,"T8_I5 (Industry)Information and Communication, Financial",38210
Donegal,Northern & Western,Border,Industry,"T8_I5 (Industry)Information and Communication, Financial",6071
Dublin,Eastern & Midland,Dublin,Industry,"T8_I5 (Industry)Information and Communication, Financial",162382
Fingal,Eastern & Midland,Dublin,Industry,"T8_I5 (Industry)Information and Communication, Financial",23464
Galway,Northern & Western,West,Industry,"T8_I5 (Industry)Information and Communication, Financial",14774
Kerry,Southern,South West,Industry,"T8_I5 (Industry)Information and Communication, Financial",6250
Kildare,Eastern & Midland,Mid East,Industry,"T8_I5 (Industry)Information and Communication, Financial",9938
Kilkenny,Southern,South East,Industry,"T8_I5 (Industry)Information and Communication, Financial",5105
Laois,Eastern & Midland,Midland,Industry,"T8_I5 (Industry)Information and Communication, Financial",2229
Leitrim,Northern & Western,Border,Industry,"T8_I5 (Industry)Information and Communication, Financial",1131
Limerick,Southern,Mid West,Industry,"T8_I5 (Industry)Information and Communication, Financial",11536
Longford,Eastern & Midland,Midland,Industry,"T8_I5 (Industry)Information and Communication, Financial",1204
Louth,Eastern & Midland,Mid East,Industry,"T8_I5 (Industry)Information and Communication, Financial",6093
Meath,Eastern & Midland,Mid East,Industry,"T8_I5 (Industry)Information and Communication, Financial",6907
Monaghan,Northern & Western,Border,Industry,"T8_I5 (Industry)Information and Communication, Financial",1710
Offaly,Eastern & Midland,Midland,Industry,"T8_I5 (Industry)Information and Communication, Financial",2045
Roscommon,Northern & Western,West,Industry,"T8_I5 (Industry)Information and Communication, Financial",1793
Sligo,Northern & Western,Border,Industry,"T8_I5 (Industry)Information and Communication, Financial",2556
South Dublin,Eastern & Midland,Dublin,Industry,"T8_I5 (Industry)Information and Communication, Financial",18420
Tipperary,Southern,Mid West,Industry,"T8_I5 (Industry)Information and Communication, Financial",5113
Waterford,Southern,South East,Industry,"T8_I5 (Industry)Information and Communication, Financial",6577
Westmeath,Eastern & Midland,Midland,Industry,"T8_I5 (Industry)Information and Communication, Financial",4367
Wexford,Southern,South East,Industry,"T8_I5 (Industry)Information and Communication, Financial",5976
Wicklow,Eastern & Midland,Mid East,Industry,"T8_I5 (Industry)Information and Communication, Financial",6210
Mayo,Northern & Western,West,Industry,T8_I6 (Industry)Public Administration and Defence; Compulsory Social Security,2656
Carlow,Southern,South East,Industry,T8_I6 (Industry)Public Administration and Defence; Compulsory Social Security,774
Cavan,Northern & Western,Border,Industry,T8_I6 (Industry)Public Administration and Defence; Compulsory Social Security,1079
Clare,Southern,Mid West,Industry,T8_I6 (Industry)Public Administration and Defence; Compulsory Social Security,2072
Cork,Southern,South West,Industry,T8_I6 (Industry)Public Administration and Defence; Compulsory Social Security,10243
Donegal,Northern & Western,Border,Industry,T8_I6 (Industry)Public Administration and Defence; Compulsory Social Security,2963
Dublin,Eastern & Midland,Dublin,Industry,T8_I6 (Industry)Public Administration and Defence; Compulsory Social Security,32426
Fingal,Eastern & Midland,Dublin,Industry,T8_I6 (Industry)Public Administration and Defence; Compulsory Social Security,4398
Galway,Northern & Western,West,Industry,T8_I6 (Industry)Public Administration and Defence; Compulsory Social Security,4228
Kerry,Southern,South West,Industry,T8_I6 (Industry)Public Administration and Defence; Compulsory Social Security,2726
Kildare,Eastern & Midland,Mid East,Industry,T8_I6 (Industry)Public Administration and Defence; Compulsory Social Security,3864
Kilkenny,Southern,South East,Industry,T8_I6 (Industry)Public Administration and Defence; Compulsory Social Security,1994
Laois,Eastern & Midland,Midland,Industry,T8_I6 (Industry)Public Administration and Defence; Compulsory Social Security,2078
Leitrim,Northern & Western,Border,Industry,T8_I6 (Industry)Public Administration and Defence; Compulsory Social Security,914
Limerick,Southern,Mid West,Industry,T8_I6 (Industry)Public Administration and Defence; Compulsory Social Security,4301
Longford,Eastern & Midland,Midland,Industry,T8_I6 (Industry)Public Administration and Defence; Compulsory Social Security,1143
Louth,Eastern & Midland,Mid East,Industry,T8_I6 (Industry)Public Administration and Defence; Compulsory Social Security,2092
Meath,Eastern & Midland,Mid East,Industry,T8_I6 (Industry)Public Administration and Defence; Compulsory Social Security,2532
Monaghan,Northern & Western,Border,Industry,T8_I6 (Industry)Public Administration and Defence; Compulsory Social Security,894
Offaly,Eastern & Midland,Midland,Industry,T8_I6 (Industry)Public Administration and Defence; Compulsory Social Security,1436
Roscommon,Northern & Western,West,Industry,T8_I6 (Industry)Public Administration and Defence; Compulsory Social Security,1321
Sligo,Northern & Western,Border,Industry,T8_I6 (Industry)Public Administration and Defence; Compulsory Social Security,1902
South Dublin,Eastern & Midland,Dublin,Industry,T8_I6 (Industry)Public Administration and Defence; Compulsory Social Security,4030
Tipperary,Southern,Mid West,Industry,T8_I6 (Industry)Public Administration and Defence; Compulsory Social Security,3072
Waterford,Southern,South East,Industry,T8_I6 (Industry)Public Administration and Defence; Compulsory Social Security,2043
Westmeath,Eastern & Midland,Midland,Industry,T8_I6 (Industry)Public Administration and Defence; Compulsory Social Security,2687
Wexford,Southern,South East,Industry,T8_I6 (Industry)Public Administration and Defence; Compulsory Social Security,2350
Wicklow,Eastern & Midland,Mid East,Industry,T8_I6 (Industry)Public Administration and Defence; Compulsory Social Security,1527
Mayo,Northern & Western,West,Industry,"T8_I7 (Industry)Education,Human Health and Social Work Activities",10012
Carlow,Southern,South East,Industry,"T8_I7 (Industry)Education,Human Health and Social Work Activities",4109
Cavan,Northern & Western,Border,Industry,"T8_I7 (Industry)Education,Human Health and Social Work Activities",4980
Clare,Southern,Mid West,Industry,"T8_I7 (Industry)Education,Human Health and Social Work Activities",7014
Cork,Southern,South West,Industry,"T8_I7 (Industry)Education,Human Health and Social Work Activities",45595
Donegal,Northern & Western,Border,Industry,"T8_I7 (Industry)Education,Human Health and Social Work Activities",11777
Dublin,Eastern & Midland,Dublin,Industry,"T8_I7 (Industry)Education,Human Health and Social Work Activities",94443
Fingal,Eastern & Midland,Dublin,Industry,"T8_I7 (Industry)Education,Human Health and Social Work Activities",17428
Galway,Northern & Western,West,Industry,"T8_I7 (Industry)Education,Human Health and Social Work Activities",24818
Kerry,Southern,South West,Industry,"T8_I7 (Industry)Education,Human Health and Social Work Activities",11222
Kildare,Eastern & Midland,Mid East,Industry,"T8_I7 (Industry)Education,Human Health and Social Work Activities",15193
Kilkenny,Southern,South East,Industry,"T8_I7 (Industry)Education,Human Health and Social Work Activities",8133
Laois,Eastern & Midland,Midland,Industry,"T8_I7 (Industry)Education,Human Health and Social Work Activities",5130
Leitrim,Northern & Western,Border,Industry,"T8_I7 (Industry)Education,Human Health and Social Work Activities",2059
Limerick,Southern,Mid West,Industry,"T8_I7 (Industry)Education,Human Health and Social Work Activities",19760
Longford,Eastern & Midland,Midland,Industry,"T8_I7 (Industry)Education,Human Health and Social Work Activities",2674
Louth,Eastern & Midland,Mid East,Industry,"T8_I7 (Industry)Education,Human Health and Social Work Activities",10413
Meath,Eastern & Midland,Mid East,Industry,"T8_I7 (Industry)Education,Human Health and Social Work Activities",10317
Monaghan,Northern & Western,Border,Industry,"T8_I7 (Industry)Education,Human Health and Social Work Activities",3823
Offaly,Eastern & Midland,Midland,Industry,"T8_I7 (Industry)Education,Human Health and Social Work Activities",5572
Roscommon,Northern & Western,West,Industry,"T8_I7 (Industry)Education,Human Health and Social Work Activities",4336
Sligo,Northern & Western,Border,Industry,"T8_I7 (Industry)Education,Human Health and Social Work Activities",7100
South Dublin,Eastern & Midland,Dublin,Industry,"T8_I7 (Industry)Education,Human Health and Social Work Activities",19018
Tipperary,Southern,Mid West,Industry,"T8_I7 (Industry)Education,Human Health and Social Work Activities",11213
Waterford,Southern,South East,Industry,"T8_I7 (Industry)Education,Human Health and Social Work Activities",10263
Westmeath,Eastern & Midland,Midland,Industry,"T8_I7 (Industry)Education,Human Health and Social Work Activities",7894
Wexford,Southern,South East,Industry,"T8_I7 (Industry)Education,Human Health and Social Work Activities",9477
Wicklow,Eastern & Midland,Mid East,Industry,"T8_I7 (Industry)Education,Human Health and Social Work Activities",8420
Mayo,Northern & Western,West,Industry,T8_I8 (Industry)Other Service Activities,2021
Carlow,Southern,South East,Industry,T8_I8 (Industry)Other Service Activities,742
Cavan,Northern & Western,Border,Industry,T8_I8 (Industry)Other Service Activities,898
Clare,Southern,Mid West,Industry,T8_I8 (Industry)Other Service Activities,1555
Cork,Southern,South West,Industry,T8_I8 (Industry)Other Service Activities,8410
Donegal,Northern & Western,Border,Industry,T8_I8 (Industry)Other Service Activities,2269
Dublin,Eastern & Midland,Dublin,Industry,T8_I8 (Industry)Other Service Activities,20715
Fingal,Eastern & Midland,Dublin,Industry,T8_I8 (Industry)Other Service Activities,4249
Galway,Northern & Western,West,Industry,T8_I8 (Industry)Other Service Activities,3928
Kerry,Southern,South West,Industry,T8_I8 (Industry)Other Service Activities,2203
Kildare,Eastern & Midland,Mid East,Industry,T8_I8 (Industry)Other Service Activities,3193
Kilkenny,Southern,South East,Industry,T8_I8 (Industry)Other Service Activities,1325
Laois,Eastern & Midland,Midland,Industry,T8_I8 (Industry)Other Service Activities,885
Leitrim,Northern & Western,Border,Industry,T8_I8 (Industry)Other Service Activities,436
Limerick,Southern,Mid West,Industry,T8_I8 (Industry)Other Service Activities,2971
Longford,Eastern & Midland,Midland,Industry,T8_I8 (Industry)Other Service Activities,507
Louth,Eastern & Midland,Mid East,Industry,T8_I8 (Industry)Other Service Activities,2318
Meath,Eastern & Midland,Mid East,Industry,T8_I8 (Industry)Other Service Activities,2574
Monaghan,Northern & Western,Border,Industry,T8_I8 (Industry)Other Service Activities,717
Offaly,Eastern & Midland,Midland,Industry,T8_I8 (Industry)Other Service Activities,938
Roscommon,Northern & Western,West,Industry,T8_I8 (Industry)Other Service Activities,752
Sligo,Northern & Western,Border,Industry,T8_I8 (Industry)Other Service Activities,1077
South Dublin,Eastern & Midland,Dublin,Industry,T8_I8 (Industry)Other Service Activities,3762
Tipperary,Southern,Mid West,Industry,T8_I8 (Industry)Other Service Activities,2080
Waterford,Southern,South East,Industry,T8_I8 (Industry)Other Service Activities,1803
Westmeath,Eastern & Midland,Midland,Industry,T8_I8 (Industry)Other Service Activities,1259
Wexford,Southern,South East,Industry,T8_I8 (Industry)Other Service Activities,2359
Wicklow,Eastern & Midland,Mid East,Industry,T8_I8 (Industry)Other Service Activities,2341
Mayo,Northern & Western,West,Industry,T8_I9 (Industry)Not stated,2843
Carlow,Southern,South East,Industry,T8_I9 (Industry)Not stated,2051
Cavan,Northern & Western,Border,Industry,T8_I9 (Industry)Not stated,1840
Clare,Southern,Mid West,Industry,T8_I9 (Industry)Not stated,3408
Cork,Southern,South West,Industry,T8_I9 (Industry)Not stated,13844
Donegal,Northern & Western,Border,Industry,T8_I9 (Industry)Not stated,4125
Dublin,Eastern & Midland,Dublin,Industry,T8_I9 (Industry)Not stated,36244
Fingal,Eastern & Midland,Dublin,Industry,T8_I9 (Industry)Not stated,10842
Galway,Northern & Western,West,Industry,T8_I9 (Industry)Not stated,7467
Kerry,Southern,South West,Industry,T8_I9 (Industry)Not stated,4697
Kildare,Eastern & Midland,Mid East,Industry,T8_I9 (Industry)Not stated,5397
Kilkenny,Southern,South East,Industry,T8_I9 (Industry)Not stated,2305
Laois,Eastern & Midland,Midland,Industry,T8_I9 (Industry)Not stated,2884
Leitrim,Northern & Western,Border,Industry,T8_I9 (Industry)Not stated,944
Limerick,Southern,Mid West,Industry,T8_I9 (Industry)Not stated,5568
Longford,Eastern & Midland,Midland,Industry,T8_I9 (Industry)Not stated,1355
Louth,Eastern & Midland,Mid East,Industry,T8_I9 (Industry)Not stated,3767
Meath,Eastern & Midland,Mid East,Industry,T8_I9 (Industry)Not stated,5298
Monaghan,Northern & Western,Border,Industry,T8_I9 (Industry)Not stated,1820
Offaly,Eastern & Midland,Midland,Industry,T8_I9 (Industry)Not stated,2404
Roscommon,Northern & Western,West,Industry,T8_I9 (Industry)Not stated,1466
Sligo,Northern & Western,Border,Industry,T8_I9 (Industry)Not stated,1513
South Dublin,Eastern & Midland,Dublin,Industry,T8_I9 (Industry)Not stated,10500
Tipperary,Southern,Mid West,Industry,T8_I9 (Industry)Not stated,4601
Waterford,Southern,South East,Industry,T8_I9 (Industry)Not stated,3474
Westmeath,Eastern & Midland,Midland,Industry,T8_I9 (Industry)Not stated,2848
Wexford,Southern,South East,Industry,T8_I9 (Industry)Not stated,3525
Wicklow,Eastern & Midland,Mid East,Industry,T8_I9 (Industry)Not stated,4024
Cork,Southern,South West,Total Population,T1_2T_Total_Population,"125,657"
Clare,Southern,Mid West,Total Population,T1_2T_Total_Population,"118,817"
Cork,Southern,South West,Total Population,T1_2T_Total_Population,"417,211"
Cavan,Northern & Western,Border,Total Population,T1_2T_Total_Population,"76,176"
Carlow,Southern,South East,Total Population,T1_2T_Total_Population,"56,932"
Dublin,Eastern & Midland,Dublin,Total Population,T1_2T_Total_Population,"554,554"
Donegal,Northern & Western,Border,Total Population,T1_2T_Total_Population,"159,192"
Dublin,Eastern & Midland,Dublin,Total Population,T1_2T_Total_Population,"218,018"
Dublin,Eastern & Midland,Dublin,Total Population,T1_2T_Total_Population,"296,020"
Dublin,Eastern & Midland,Dublin,Total Population,T1_2T_Total_Population,"278,767"
Galway,Northern & Western,West,Total Population,T1_2T_Total_Population,"78,668"
Galway,Northern & Western,West,Total Population,T1_2T_Total_Population,"179,390"
Kildare,Eastern & Midland,Mid East,Total Population,T1_2T_Total_Population,"222,504"
Kilkenny,Southern,South East,Total Population,T1_2T_Total_Population,"99,232"
Kerry,Southern,South West,Total Population,T1_2T_Total_Population,"147,707"
Longford,Eastern & Midland,Midland,Total Population,T1_2T_Total_Population,"40,873"
Louth,Eastern & Midland,Mid East,Total Population,T1_2T_Total_Population,"128,884"
Limerick,Southern,Mid West,Total Population,T1_2T_Total_Population,"194,899"
Leitrim,Northern & Western,Border,Total Population,T1_2T_Total_Population,"32,044"
Laois,Eastern & Midland,Midland,Total Population,T1_2T_Total_Population,"84,697"
Meath,Eastern & Midland,Mid East,Total Population,T1_2T_Total_Population,"195,044"
Monaghan,Northern & Western,Border,Total Population,T1_2T_Total_Population,"61,386"
Mayo,Northern & Western,West,Total Population,T1_2T_Total_Population,"130,507"
Offaly,Eastern & Midland,Midland,Total Population,T1_2T_Total_Population,"77,961"
Roscommon,Northern & Western,West,Total Population,T1_2T_Total_Population,"64,544"
Sligo,Northern & Western,Border,Total Population,T1_2T_Total_Population,"65,535"
Tipperary,Southern,Mid West,Total Population,T1_2T_Total_Population,"159,553"
Waterford,Southern,South East,Total Population,T1_2T_Total_Population,"116,176"
Westmeath,Eastern & Midland,Midland,Total Population,T1_2T_Total_Population,"88,770"
Wicklow,Eastern & Midland,Mid East,Total Population,T1_2T_Total_Population,"142,425"
Wexford,Southern,South East,Total Population,T1_2T_Total_Population,"149,722"
Cork,Southern,South West,Household members,T4_1_2PP_Pop. of families with 2 family members,"28,386"
Clare,Southern,Mid West,Household members,T4_1_2PP_Pop. of families with 2 family members,"24,412"
Cork,Southern,South West,Household members,T4_1_2PP_Pop. of families with 2 family members,"79,680"
Cavan,Northern & Western,Border,Household members,T4_1_2PP_Pop. of families with 2 family members,"14,442"
Carlow,Southern,South East,Household members,T4_1_2PP_Pop. of families with 2 family members,"11,412"
Dublin,Eastern & Midland,Dublin,Household members,T4_1_2PP_Pop. of families with 2 family members,"122,012"
Donegal,Northern & Western,Border,Household members,T4_1_2PP_Pop. of families with 2 family members,"32,254"
Dublin,Eastern & Midland,Dublin,Household members,T4_1_2PP_Pop. of families with 2 family members,"47,102"
Dublin,Eastern & Midland,Dublin,Household members,T4_1_2PP_Pop. of families with 2 family members,"54,352"
Dublin,Eastern & Midland,Dublin,Household members,T4_1_2PP_Pop. of families with 2 family members,"54,818"
Galway,Northern & Western,West,Household members,T4_1_2PP_Pop. of families with 2 family members,"15,332"
Galway,Northern & Western,West,Household members,T4_1_2PP_Pop. of families with 2 family members,"34,414"
Kildare,Eastern & Midland,Mid East,Household members,T4_1_2PP_Pop. of families with 2 family members,"40,332"
Kilkenny,Southern,South East,Household members,T4_1_2PP_Pop. of families with 2 family members,"20,014"
Kerry,Southern,South West,Household members,T4_1_2PP_Pop. of families with 2 family members,"31,198"
Longford,Eastern & Midland,Midland,Household members,T4_1_2PP_Pop. of families with 2 family members,"8,460"
Louth,Eastern & Midland,Mid East,Household members,T4_1_2PP_Pop. of families with 2 family members,"25,264"
Limerick,Southern,Mid West,Household members,T4_1_2PP_Pop. of families with 2 family members,"40,046"
Leitrim,Northern & Western,Border,Household members,T4_1_2PP_Pop. of families with 2 family members,"6,900"
Laois,Eastern & Midland,Midland,Household members,T4_1_2PP_Pop. of families with 2 family members,"15,766"
Meath,Eastern & Midland,Mid East,Household members,T4_1_2PP_Pop. of families with 2 family members,"34,404"
Monaghan,Northern & Western,Border,Household members,T4_1_2PP_Pop. of families with 2 family members,"11,796"
Mayo,Northern & Western,West,Household members,T4_1_2PP_Pop. of families with 2 family members,"27,980"
Offaly,Eastern & Midland,Midland,Household members,T4_1_2PP_Pop. of families with 2 family members,"15,628"
Roscommon,Northern & Western,West,Household members,T4_1_2PP_Pop. of families with 2 family members,"13,684"
Sligo,Northern & Western,Border,Household members,T4_1_2PP_Pop. of families with 2 family members,"14,152"
Tipperary,Southern,Mid West,Household members,T4_1_2PP_Pop. of families with 2 family members,"33,942"
Waterford,Southern,South East,Household members,T4_1_2PP_Pop. of families with 2 family members,"25,274"
Westmeath,Eastern & Midland,Midland,Household members,T4_1_2PP_Pop. of families with 2 family members,"17,816"
Wicklow,Eastern & Midland,Mid East,Household members,T4_1_2PP_Pop. of families with 2 family members,"29,038"
Wexford,Southern,South East,Household members,T4_1_2PP_Pop. of families with 2 family members,"32,668"
Cork,Southern,South West,Household members,T4_1_3PP_Pop. of families with 3 family members,"20,265"
Clare,Southern,Mid West,Household members,T4_1_3PP_Pop. of families with 3 family members,"20,490"
Cork,Southern,South West,Household members,T4_1_3PP_Pop. of families with 3 family members,"73,362"
Cavan,Northern & Western,Border,Household members,T4_1_3PP_Pop. of families with 3 family members,"12,651"
Carlow,Southern,South East,Household members,T4_1_3PP_Pop. of families with 3 family members,"10,392"
Dublin,Eastern & Midland,Dublin,Household members,T4_1_3PP_Pop. of families with 3 family members,"86,391"
Donegal,Northern & Western,Border,Household members,T4_1_3PP_Pop. of families with 3 family members,"26,805"
Dublin,Eastern & Midland,Dublin,Household members,T4_1_3PP_Pop. of families with 3 family members,"36,669"
Dublin,Eastern & Midland,Dublin,Household members,T4_1_3PP_Pop. of families with 3 family members,"55,452"
Dublin,Eastern & Midland,Dublin,Household members,T4_1_3PP_Pop. of families with 3 family members,"53,796"
Galway,Northern & Western,West,Household members,T4_1_3PP_Pop. of families with 3 family members,"11,529"
Galway,Northern & Western,West,Household members,T4_1_3PP_Pop. of families with 3 family members,"29,991"
Kildare,Eastern & Midland,Mid East,Household members,T4_1_3PP_Pop. of families with 3 family members,"40,482"
Kilkenny,Southern,South East,Household members,T4_1_3PP_Pop. of families with 3 family members,"17,610"
Kerry,Southern,South West,Household members,T4_1_3PP_Pop. of families with 3 family members,"25,239"
Longford,Eastern & Midland,Midland,Household members,T4_1_3PP_Pop. of families with 3 family members,"7,026"
Louth,Eastern & Midland,Mid East,Household members,T4_1_3PP_Pop. of families with 3 family members,"23,310"
Limerick,Southern,Mid West,Household members,T4_1_3PP_Pop. of families with 3 family members,"33,912"
Leitrim,Northern & Western,Border,Household members,T4_1_3PP_Pop. of families with 3 family members,"5,325"
Laois,Eastern & Midland,Midland,Household members,T4_1_3PP_Pop. of families with 3 family members,"14,763"
Meath,Eastern & Midland,Mid East,Household members,T4_1_3PP_Pop. of families with 3 family members,"35,259"
Monaghan,Northern & Western,Border,Household members,T4_1_3PP_Pop. of families with 3 family members,"10,536"
Mayo,Northern & Western,West,Household members,T4_1_3PP_Pop. of families with 3 family members,"21,654"
Offaly,Eastern & Midland,Midland,Household members,T4_1_3PP_Pop. of families with 3 family members,"14,334"
Roscommon,Northern & Western,West,Household members,T4_1_3PP_Pop. of families with 3 family members,"11,310"
Sligo,Northern & Western,Border,Household members,T4_1_3PP_Pop. of families with 3 family members,"11,010"
Tipperary,Southern,Mid West,Household members,T4_1_3PP_Pop. of families with 3 family members,"28,686"
Waterford,Southern,South East,Household members,T4_1_3PP_Pop. of families with 3 family members,"20,808"
Westmeath,Eastern & Midland,Midland,Household members,T4_1_3PP_Pop. of families with 3 family members,"16,413"
Wicklow,Eastern & Midland,Mid East,Household members,T4_1_3PP_Pop. of families with 3 family members,"27,135"
Wexford,Southern,South East,Household members,T4_1_3PP_Pop. of families with 3 family members,"27,309"
Cork,Southern,South West,Household members,T4_1_4PP__Pop. of families with 4 family members,"20,264"
Clare,Southern,Mid West,Household members,T4_1_4PP__Pop. of families with 4 family members,"26,656"
Cork,Southern,South West,Household members,T4_1_4PP__Pop. of families with 4 family members,"104,280"
Cavan,Northern & Western,Border,Household members,T4_1_4PP__Pop. of families with 4 family members,"16,956"
Carlow,Southern,South East,Household members,T4_1_4PP__Pop. of families with 4 family members,"13,840"
Dublin,Eastern & Midland,Dublin,Household members,T4_1_4PP__Pop. of families with 4 family members,"89,480"
Donegal,Northern & Western,Border,Household members,T4_1_4PP__Pop. of families with 4 family members,"34,704"
Dublin,Eastern & Midland,Dublin,Household members,T4_1_4PP__Pop. of families with 4 family members,"48,344"
Dublin,Eastern & Midland,Dublin,Household members,T4_1_4PP__Pop. of families with 4 family members,"78,088"
Dublin,Eastern & Midland,Dublin,Household members,T4_1_4PP__Pop. of families with 4 family members,"69,696"
Galway,Northern & Western,West,Household members,T4_1_4PP__Pop. of families with 4 family members,"12,968"
Galway,Northern & Western,West,Household members,T4_1_4PP__Pop. of families with 4 family members,"42,436"
Kildare,Eastern & Midland,Mid East,Household members,T4_1_4PP__Pop. of families with 4 family members,"58,864"
Kilkenny,Southern,South East,Household members,T4_1_4PP__Pop. of families with 4 family members,"23,292"
Kerry,Southern,South West,Household members,T4_1_4PP__Pop. of families with 4 family members,"31,548"
Longford,Eastern & Midland,Midland,Household members,T4_1_4PP__Pop. of families with 4 family members,"8,848"
Louth,Eastern & Midland,Mid East,Household members,T4_1_4PP__Pop. of families with 4 family members,"30,976"
Limerick,Southern,Mid West,Household members,T4_1_4PP__Pop. of families with 4 family members,"43,436"
Leitrim,Northern & Western,Border,Household members,T4_1_4PP__Pop. of families with 4 family members,"6,560"
Laois,Eastern & Midland,Midland,Household members,T4_1_4PP__Pop. of families with 4 family members,"20,900"
Meath,Eastern & Midland,Mid East,Household members,T4_1_4PP__Pop. of families with 4 family members,"52,220"
Monaghan,Northern & Western,Border,Household members,T4_1_4PP__Pop. of families with 4 family members,"13,668"
Mayo,Northern & Western,West,Household members,T4_1_4PP__Pop. of families with 4 family members,"26,772"
Offaly,Eastern & Midland,Midland,Household members,T4_1_4PP__Pop. of families with 4 family members,"18,388"
Roscommon,Northern & Western,West,Household members,T4_1_4PP__Pop. of families with 4 family members,"13,812"
Sligo,Northern & Western,Border,Household members,T4_1_4PP__Pop. of families with 4 family members,"13,196"
Tipperary,Southern,Mid West,Household members,T4_1_4PP__Pop. of families with 4 family members,"36,100"
Waterford,Southern,South East,Household members,T4_1_4PP__Pop. of families with 4 family members,"25,664"
Westmeath,Eastern & Midland,Midland,Household members,T4_1_4PP__Pop. of families with 4 family members,"20,008"
Wicklow,Eastern & Midland,Mid East,Household members,T4_1_4PP__Pop. of families with 4 family members,"35,984"
Wexford,Southern,South East,Household members,T4_1_4PP__Pop. of families with 4 family members,"35,360"
Cork,Southern,South West,Household members,T4_1_5PP__Pop. of families with 5 family members,"11,655"
Clare,Southern,Mid West,Household members,T4_1_5PP__Pop. of families with 5 family members,"18,705"
Cork,Southern,South West,Household members,T4_1_5PP__Pop. of families with 5 family members,"70,270"
Cavan,Northern & Western,Border,Household members,T4_1_5PP__Pop. of families with 5 family members,"13,030"
Carlow,Southern,South East,Household members,T4_1_5PP__Pop. of families with 5 family members,"8,430"
Dublin,Eastern & Midland,Dublin,Household members,T4_1_5PP__Pop. of families with 5 family members,"47,450"
Donegal,Northern & Western,Border,Household members,T4_1_5PP__Pop. of families with 5 family members,"24,695"
Dublin,Eastern & Midland,Dublin,Household members,T4_1_5PP__Pop. of families with 5 family members,"30,760"
Dublin,Eastern & Midland,Dublin,Household members,T4_1_5PP__Pop. of families with 5 family members,"44,260"
Dublin,Eastern & Midland,Dublin,Household members,T4_1_5PP__Pop. of families with 5 family members,"40,330"
Galway,Northern & Western,West,Household members,T4_1_5PP__Pop. of families with 5 family members,"7,180"
Galway,Northern & Western,West,Household members,T4_1_5PP__Pop. of families with 5 family members,"30,500"
Kildare,Eastern & Midland,Mid East,Household members,T4_1_5PP__Pop. of families with 5 family members,"36,605"
Kilkenny,Southern,South East,Household members,T4_1_5PP__Pop. of families with 5 family members,"15,635"
Kerry,Southern,South West,Household members,T4_1_5PP__Pop. of families with 5 family members,"20,680"
Longford,Eastern & Midland,Midland,Household members,T4_1_5PP__Pop. of families with 5 family members,"5,995"
Louth,Eastern & Midland,Mid East,Household members,T4_1_5PP__Pop. of families with 5 family members,"19,885"
Limerick,Southern,Mid West,Household members,T4_1_5PP__Pop. of families with 5 family members,"26,240"
Leitrim,Northern & Western,Border,Household members,T4_1_5PP__Pop. of families with 5 family members,"4,675"
Laois,Eastern & Midland,Midland,Household members,T4_1_5PP__Pop. of families with 5 family members,"13,915"
Meath,Eastern & Midland,Mid East,Household members,T4_1_5PP__Pop. of families with 5 family members,"34,545"
Monaghan,Northern & Western,Border,Household members,T4_1_5PP__Pop. of families with 5 family members,"10,375"
Mayo,Northern & Western,West,Household members,T4_1_5PP__Pop. of families with 5 family members,"18,930"
Offaly,Eastern & Midland,Midland,Household members,T4_1_5PP__Pop. of families with 5 family members,"12,425"
Roscommon,Northern & Western,West,Household members,T4_1_5PP__Pop. of families with 5 family members,"9,950"
Sligo,Northern & Western,Border,Household members,T4_1_5PP__Pop. of families with 5 family members,"8,830"
Tipperary,Southern,Mid West,Household members,T4_1_5PP__Pop. of families with 5 family members,"23,870"
Waterford,Southern,South East,Household members,T4_1_5PP__Pop. of families with 5 family members,"16,435"
Westmeath,Eastern & Midland,Midland,Household members,T4_1_5PP__Pop. of families with 5 family members,"13,345"
Wicklow,Eastern & Midland,Mid East,Household members,T4_1_5PP__Pop. of families with 5 family members,"21,500"
Wexford,Southern,South East,Household members,T4_1_5PP__Pop. of families with 5 family members,"21,840"
Cork,Southern,South West,Household members,T4_1_GRE_6PP_Pop. of families with 6 family members,"5,503"
Clare,Southern,Mid West,Household members,T4_1_GRE_6PP_Pop. of families with 6 family members,"9,365"
Cork,Southern,South West,Household members,T4_1_GRE_6PP_Pop. of families with 6 family members,"33,153"
Cavan,Northern & Western,Border,Household members,T4_1_GRE_6PP_Pop. of families with 6 family members,"8,085"
Carlow,Southern,South East,Household members,T4_1_GRE_6PP_Pop. of families with 6 family members,"4,010"
Dublin,Eastern & Midland,Dublin,Household members,T4_1_GRE_6PP_Pop. of families with 6 family members,"22,480"
Donegal,Northern & Western,Border,Household members,T4_1_GRE_6PP_Pop. of families with 6 family members,"15,692"
Dublin,Eastern & Midland,Dublin,Household members,T4_1_GRE_6PP_Pop. of families with 6 family members,"11,858"
Dublin,Eastern & Midland,Dublin,Household members,T4_1_GRE_6PP_Pop. of families with 6 family members,"20,994"
Dublin,Eastern & Midland,Dublin,Household members,T4_1_GRE_6PP_Pop. of families with 6 family members,"21,223"
Galway,Northern & Western,West,Household members,T4_1_GRE_6PP_Pop. of families with 6 family members,"4,280"
Galway,Northern & Western,West,Household members,T4_1_GRE_6PP_Pop. of families with 6 family members,"16,581"
Kildare,Eastern & Midland,Mid East,Household members,T4_1_GRE_6PP_Pop. of families with 6 family members,"17,149"
Kilkenny,Southern,South East,Household members,T4_1_GRE_6PP_Pop. of families with 6 family members,"7,906"
Kerry,Southern,South West,Household members,T4_1_GRE_6PP_Pop. of families with 6 family members,"10,237"
Longford,Eastern & Midland,Midland,Household members,T4_1_GRE_6PP_Pop. of families with 6 family members,"4,217"
Louth,Eastern & Midland,Mid East,Household members,T4_1_GRE_6PP_Pop. of families with 6 family members,"9,954"
Limerick,Southern,Mid West,Household members,T4_1_GRE_6PP_Pop. of families with 6 family members,"13,746"
Leitrim,Northern & Western,Border,Household members,T4_1_GRE_6PP_Pop. of families with 6 family members,"3,181"
Laois,Eastern & Midland,Midland,Household members,T4_1_GRE_6PP_Pop. of families with 6 family members,"7,843"
Meath,Eastern & Midland,Mid East,Household members,T4_1_GRE_6PP_Pop. of families with 6 family members,"16,720"
Monaghan,Northern & Western,Border,Household members,T4_1_GRE_6PP_Pop. of families with 6 family members,"6,851"
Mayo,Northern & Western,West,Household members,T4_1_GRE_6PP_Pop. of families with 6 family members,"12,418"
Offaly,Eastern & Midland,Midland,Household members,T4_1_GRE_6PP_Pop. of families with 6 family members,"7,176"
Roscommon,Northern & Western,West,Household members,T4_1_GRE_6PP_Pop. of families with 6 family members,"5,728"
Sligo,Northern & Western,Border,Household members,T4_1_GRE_6PP_Pop. of families with 6 family members,"5,445"
Tipperary,Southern,Mid West,Household members,T4_1_GRE_6PP_Pop. of families with 6 family members,"12,746"
Waterford,Southern,South East,Household members,T4_1_GRE_6PP_Pop. of families with 6 family members,"7,874"
Westmeath,Eastern & Midland,Midland,Household members,T4_1_GRE_6PP_Pop. of families with 6 family members,"7,543"
Wicklow,Eastern & Midland,Mid East,Household members,T4_1_GRE_6PP_Pop. of families with 6 family members,"10,286"
Wexford,Southern,South East,Household members,T4_1_GRE_6PP_Pop. of families with 6 family members,"11,140"
Cork,Southern,South West,Household members,T4_1_TP_Pop. of families member by size of family,"86,073"
Clare,Southern,Mid West,Household members,T4_1_TP_Pop. of families member by size of family,"99,628"
Cork,Southern,South West,Household members,T4_1_TP_Pop. of families member by size of family,"360,745"
Cavan,Northern & Western,Border,Household members,T4_1_TP_Pop. of families member by size of family,"65,164"
Carlow,Southern,South East,Household members,T4_1_TP_Pop. of families member by size of family,"48,084"
Dublin,Eastern & Midland,Dublin,Household members,T4_1_TP_Pop. of families member by size of family,"367,813"
Donegal,Northern & Western,Border,Household members,T4_1_TP_Pop. of families member by size of family,"134,150"
Dublin,Eastern & Midland,Dublin,Household members,T4_1_TP_Pop. of families member by size of family,"174,733"
Dublin,Eastern & Midland,Dublin,Household members,T4_1_TP_Pop. of families member by size of family,"253,146"
Dublin,Eastern & Midland,Dublin,Household members,T4_1_TP_Pop. of families member by size of family,"239,863"
Galway,Northern & Western,West,Household members,T4_1_TP_Pop. of families member by size of family,"51,289"
Galway,Northern & Western,West,Household members,T4_1_TP_Pop. of families member by size of family,"153,922"
Kildare,Eastern & Midland,Mid East,Household members,T4_1_TP_Pop. of families member by size of family,"193,432"
Kilkenny,Southern,South East,Household members,T4_1_TP_Pop. of families member by size of family,"84,457"
Kerry,Southern,South West,Household members,T4_1_TP_Pop. of families member by size of family,"118,902"
Longford,Eastern & Midland,Midland,Household members,T4_1_TP_Pop. of families member by size of family,"34,546"
Louth,Eastern & Midland,Mid East,Household members,T4_1_TP_Pop. of families member by size of family,"109,389"
Limerick,Southern,Mid West,Household members,T4_1_TP_Pop. of families member by size of family,"157,380"
Leitrim,Northern & Western,Border,Household members,T4_1_TP_Pop. of families member by size of family,"26,641"
Laois,Eastern & Midland,Midland,Household members,T4_1_TP_Pop. of families member by size of family,"73,187"
Meath,Eastern & Midland,Mid East,Household members,T4_1_TP_Pop. of families member by size of family,"173,148"
Monaghan,Northern & Western,Border,Household members,T4_1_TP_Pop. of families member by size of family,"53,226"
Mayo,Northern & Western,West,Household members,T4_1_TP_Pop. of families member by size of family,"107,754"
Offaly,Eastern & Midland,Midland,Household members,T4_1_TP_Pop. of families member by size of family,"67,951"
Roscommon,Northern & Western,West,Household members,T4_1_TP_Pop. of families member by size of family,"54,484"
Sligo,Northern & Western,Border,Household members,T4_1_TP_Pop. of families member by size of family,"52,633"
Tipperary,Southern,Mid West,Household members,T4_1_TP_Pop. of families member by size of family,"135,344"
Waterford,Southern,South East,Household members,T4_1_TP_Pop. of families member by size of family,"96,055"
Westmeath,Eastern & Midland,Midland,Household members,T4_1_TP_Pop. of families member by size of family,"75,125"
Wicklow,Eastern & Midland,Mid East,Household members,T4_1_TP_Pop. of families member by size of family,"123,943"
Wexford,Southern,South East,Household members,T4_1_TP_Pop. of families member by size of family,"128,317"
Cork,Southern,South West,Internet Access,T15_3_B_Households with Internet_Broadband,"34,240"
Clare,Southern,Mid West,Internet Access,T15_3_B_Households with Internet_Broadband,"27,941"
Cork,Southern,South West,Internet Access,T15_3_B_Households with Internet_Broadband,"103,761"
Cavan,Northern & Western,Border,Internet Access,T15_3_B_Households with Internet_Broadband,"17,061"
Carlow,Southern,South East,Internet Access,T15_3_B_Households with Internet_Broadband,"13,539"
Dublin,Eastern & Midland,Dublin,Internet Access,T15_3_B_Households with Internet_Broadband,"157,005"
Donegal,Northern & Western,Border,Internet Access,T15_3_B_Households with Internet_Broadband,"36,127"
Dublin,Eastern & Midland,Dublin,Internet Access,T15_3_B_Households with Internet_Broadband,"67,575"
Dublin,Eastern & Midland,Dublin,Internet Access,T15_3_B_Households with Internet_Broadband,"82,095"
Dublin,Eastern & Midland,Dublin,Internet Access,T15_3_B_Households with Internet_Broadband,"76,950"
Galway,Northern & Western,West,Internet Access,T15_3_B_Households with Internet_Broadband,"22,367"
Galway,Northern & Western,West,Internet Access,T15_3_B_Households with Internet_Broadband,"39,396"
Kildare,Eastern & Midland,Mid East,Internet Access,T15_3_B_Households with Internet_Broadband,"57,086"
Kilkenny,Southern,South East,Internet Access,T15_3_B_Households with Internet_Broadband,"22,739"
Kerry,Southern,South West,Internet Access,T15_3_B_Households with Internet_Broadband,"33,363"
Longford,Eastern & Midland,Midland,Internet Access,T15_3_B_Households with Internet_Broadband,"8,887"
Louth,Eastern & Midland,Mid East,Internet Access,T15_3_B_Households with Internet_Broadband,"32,095"
Limerick,Southern,Mid West,Internet Access,T15_3_B_Households with Internet_Broadband,"46,590"
Leitrim,Northern & Western,Border,Internet Access,T15_3_B_Households with Internet_Broadband,"7,192"
Laois,Eastern & Midland,Midland,Internet Access,T15_3_B_Households with Internet_Broadband,"18,960"
Meath,Eastern & Midland,Mid East,Internet Access,T15_3_B_Households with Internet_Broadband,"46,851"
Monaghan,Northern & Western,Border,Internet Access,T15_3_B_Households with Internet_Broadband,"13,619"
Mayo,Northern & Western,West,Internet Access,T15_3_B_Households with Internet_Broadband,"29,774"
Offaly,Eastern & Midland,Midland,Internet Access,T15_3_B_Households with Internet_Broadband,"16,412"
Roscommon,Northern & Western,West,Internet Access,T15_3_B_Households with Internet_Broadband,"14,329"
Sligo,Northern & Western,Border,Internet Access,T15_3_B_Households with Internet_Broadband,"16,267"
Tipperary,Southern,Mid West,Internet Access,T15_3_B_Households with Internet_Broadband,"35,813"
Waterford,Southern,South East,Internet Access,T15_3_B_Households with Internet_Broadband,"29,801"
Westmeath,Eastern & Midland,Midland,Internet Access,T15_3_B_Households with Internet_Broadband,"20,514"
Wicklow,Eastern & Midland,Mid East,Internet Access,T15_3_B_Households with Internet_Broadband,"36,917"
Wexford,Southern,South East,Internet Access,T15_3_B_Households with Internet_Broadband,"34,801"
Cork,Southern,South West,Internet Access,T15_3_OTHHouseholds with Internet_Others,"2,709"
Clare,Southern,Mid West,Internet Access,T15_3_OTHHouseholds with Internet_Others,"4,701"
Cork,Southern,South West,Internet Access,T15_3_OTHHouseholds with Internet_Others,"12,597"
Cavan,Northern & Western,Border,Internet Access,T15_3_OTHHouseholds with Internet_Others,"2,698"
Carlow,Southern,South East,Internet Access,T15_3_OTHHouseholds with Internet_Others,"1,852"
Dublin,Eastern & Midland,Dublin,Internet Access,T15_3_OTHHouseholds with Internet_Others,"9,025"
Donegal,Northern & Western,Border,Internet Access,T15_3_OTHHouseholds with Internet_Others,"5,873"
Dublin,Eastern & Midland,Dublin,Internet Access,T15_3_OTHHouseholds with Internet_Others,"2,187"
Dublin,Eastern & Midland,Dublin,Internet Access,T15_3_OTHHouseholds with Internet_Others,"3,448"
Dublin,Eastern & Midland,Dublin,Internet Access,T15_3_OTHHouseholds with Internet_Others,"2,882"
Galway,Northern & Western,West,Internet Access,T15_3_OTHHouseholds with Internet_Others,"1,553"
Galway,Northern & Western,West,Internet Access,T15_3_OTHHouseholds with Internet_Others,"7,564"
Kildare,Eastern & Midland,Mid East,Internet Access,T15_3_OTHHouseholds with Internet_Others,"4,854"
Kilkenny,Southern,South East,Internet Access,T15_3_OTHHouseholds with Internet_Others,"3,800"
Kerry,Southern,South West,Internet Access,T15_3_OTHHouseholds with Internet_Others,"5,742"
Longford,Eastern & Midland,Midland,Internet Access,T15_3_OTHHouseholds with Internet_Others,"1,798"
Louth,Eastern & Midland,Mid East,Internet Access,T15_3_OTHHouseholds with Internet_Others,"2,972"
Limerick,Southern,Mid West,Internet Access,T15_3_OTHHouseholds with Internet_Others,"6,263"
Leitrim,Northern & Western,Border,Internet Access,T15_3_OTHHouseholds with Internet_Others,"1,482"
Laois,Eastern & Midland,Midland,Internet Access,T15_3_OTHHouseholds with Internet_Others,"3,209"
Meath,Eastern & Midland,Mid East,Internet Access,T15_3_OTHHouseholds with Internet_Others,"5,495"
Monaghan,Northern & Western,Border,Internet Access,T15_3_OTHHouseholds with Internet_Others,"2,096"
Mayo,Northern & Western,West,Internet Access,T15_3_OTHHouseholds with Internet_Others,"5,442"
Offaly,Eastern & Midland,Midland,Internet Access,T15_3_OTHHouseholds with Internet_Others,"3,319"
Roscommon,Northern & Western,West,Internet Access,T15_3_OTHHouseholds with Internet_Others,"2,766"
Sligo,Northern & Western,Border,Internet Access,T15_3_OTHHouseholds with Internet_Others,"2,256"
Tipperary,Southern,Mid West,Internet Access,T15_3_OTHHouseholds with Internet_Others,"6,881"
Waterford,Southern,South East,Internet Access,T15_3_OTHHouseholds with Internet_Others,"3,616"
Westmeath,Eastern & Midland,Midland,Internet Access,T15_3_OTHHouseholds with Internet_Others,"3,458"
Wicklow,Eastern & Midland,Mid East,Internet Access,T15_3_OTHHouseholds with Internet_Others,"3,402"
Wexford,Southern,South East,Internet Access,T15_3_OTHHouseholds with Internet_Others,"5,736"
Cork,Southern,South West,Internet Access,T15_3_N_Households with No Internet Access,"10,278"
Clare,Southern,Mid West,Internet Access,T15_3_N_Households with No Internet Access,"9,524"
Cork,Southern,South West,Internet Access,T15_3_N_Households with No Internet Access,"26,278"
Cavan,Northern & Western,Border,Internet Access,T15_3_N_Households with No Internet Access,"6,318"
Carlow,Southern,South East,Internet Access,T15_3_N_Households with No Internet Access,"4,432"
Dublin,Eastern & Midland,Dublin,Internet Access,T15_3_N_Households with No Internet Access,"33,796"
Donegal,Northern & Western,Border,Internet Access,T15_3_N_Households with No Internet Access,"14,561"
Dublin,Eastern & Midland,Dublin,Internet Access,T15_3_N_Households with No Internet Access,"7,041"
Dublin,Eastern & Midland,Dublin,Internet Access,T15_3_N_Households with No Internet Access,"7,655"
Dublin,Eastern & Midland,Dublin,Internet Access,T15_3_N_Households with No Internet Access,"9,817"
Galway,Northern & Western,West,Internet Access,T15_3_N_Households with No Internet Access,"3,621"
Galway,Northern & Western,West,Internet Access,T15_3_N_Households with No Internet Access,"14,157"
Kildare,Eastern & Midland,Mid East,Internet Access,T15_3_N_Households with No Internet Access,"9,700"
Kilkenny,Southern,South East,Internet Access,T15_3_N_Households with No Internet Access,"7,512"
Kerry,Southern,South West,Internet Access,T15_3_N_Households with No Internet Access,"13,684"
Longford,Eastern & Midland,Midland,Internet Access,T15_3_N_Households with No Internet Access,"3,952"
Louth,Eastern & Midland,Mid East,Internet Access,T15_3_N_Households with No Internet Access,"8,803"
Limerick,Southern,Mid West,Internet Access,T15_3_N_Households with No Internet Access,"15,897"
Leitrim,Northern & Western,Border,Internet Access,T15_3_N_Households with No Internet Access,"3,402"
Laois,Eastern & Midland,Midland,Internet Access,T15_3_N_Households with No Internet Access,"5,977"
Meath,Eastern & Midland,Mid East,Internet Access,T15_3_N_Households with No Internet Access,"10,022"
Monaghan,Northern & Western,Border,Internet Access,T15_3_N_Households with No Internet Access,"5,346"
Mayo,Northern & Western,West,Internet Access,T15_3_N_Households with No Internet Access,"12,407"
Offaly,Eastern & Midland,Midland,Internet Access,T15_3_N_Households with No Internet Access,"6,708"
Roscommon,Northern & Western,West,Internet Access,T15_3_N_Households with No Internet Access,"6,354"
Sligo,Northern & Western,Border,Internet Access,T15_3_N_Households with No Internet Access,"5,566"
Tipperary,Southern,Mid West,Internet Access,T15_3_N_Households with No Internet Access,"14,912"
Waterford,Southern,South East,Internet Access,T15_3_N_Households with No Internet Access,"8,595"
Westmeath,Eastern & Midland,Midland,Internet Access,T15_3_N_Households with No Internet Access,"6,832"
Wicklow,Eastern & Midland,Mid East,Internet Access,T15_3_N_Households with No Internet Access,"7,569"
Wexford,Southern,South East,Internet Access,T15_3_N_Households with No Internet Access,"12,266"
Cork,Southern,South West,Internet Access,T15_3_NS_Households with Internet_Not started,"2,143"
Clare,Southern,Mid West,Internet Access,T15_3_NS_Households with Internet_Not started,"1,182"
Cork,Southern,South West,Internet Access,T15_3_NS_Households with Internet_Not started,"3,416"
Cavan,Northern & Western,Border,Internet Access,T15_3_NS_Households with Internet_Not started,729
Carlow,Southern,South East,Internet Access,T15_3_NS_Households with Internet_Not started,642
Dublin,Eastern & Midland,Dublin,Internet Access,T15_3_NS_Households with Internet_Not started,"11,765"
Donegal,Northern & Western,Border,Internet Access,T15_3_NS_Households with Internet_Not started,"1,744"
Dublin,Eastern & Midland,Dublin,Internet Access,T15_3_NS_Households with Internet_Not started,"1,765"
Dublin,Eastern & Midland,Dublin,Internet Access,T15_3_NS_Households with Internet_Not started,"3,409"
Dublin,Eastern & Midland,Dublin,Internet Access,T15_3_NS_Households with Internet_Not started,"2,744"
Galway,Northern & Western,West,Internet Access,T15_3_NS_Households with Internet_Not started,"1,286"
Galway,Northern & Western,West,Internet Access,T15_3_NS_Households with Internet_Not started,"1,612"
Kildare,Eastern & Midland,Mid East,Internet Access,T15_3_NS_Households with Internet_Not started,"1,708"
Kilkenny,Southern,South East,Internet Access,T15_3_NS_Households with Internet_Not started,692
Kerry,Southern,South West,Internet Access,T15_3_NS_Households with Internet_Not started,"1,499"
Longford,Eastern & Midland,Midland,Internet Access,T15_3_NS_Households with Internet_Not started,455
Louth,Eastern & Midland,Mid East,Internet Access,T15_3_NS_Households with Internet_Not started,"1,493"
Limerick,Southern,Mid West,Internet Access,T15_3_NS_Households with Internet_Not started,"2,272"
Leitrim,Northern & Western,Border,Internet Access,T15_3_NS_Households with Internet_Not started,328
Laois,Eastern & Midland,Midland,Internet Access,T15_3_NS_Households with Internet_Not started,851
Meath,Eastern & Midland,Mid East,Internet Access,T15_3_NS_Households with Internet_Not started,"1,493"
Monaghan,Northern & Western,Border,Internet Access,T15_3_NS_Households with Internet_Not started,551
Mayo,Northern & Western,West,Internet Access,T15_3_NS_Households with Internet_Not started,"1,122"
Offaly,Eastern & Midland,Midland,Internet Access,T15_3_NS_Households with Internet_Not started,745
Roscommon,Northern & Western,West,Internet Access,T15_3_NS_Households with Internet_Not started,513
Sligo,Northern & Western,Border,Internet Access,T15_3_NS_Households with Internet_Not started,672
Tipperary,Southern,Mid West,Internet Access,T15_3_NS_Households with Internet_Not started,"1,465"
Waterford,Southern,South East,Internet Access,T15_3_NS_Households with Internet_Not started,"1,443"
Westmeath,Eastern & Midland,Midland,Internet Access,T15_3_NS_Households with Internet_Not started,881
Wicklow,Eastern & Midland,Mid East,Internet Access,T15_3_NS_Households with Internet_Not started,"1,117"
Wexford,Southern,South East,Internet Access,T15_3_NS_Households with Internet_Not started,"1,203"
Cork,Southern,South West,Internet Access,T15_3_T_Households with Internet,"49,370"
Clare,Southern,Mid West,Internet Access,T15_3_T_Households with Internet,"43,348"
Cork,Southern,South West,Internet Access,T15_3_T_Households with Internet,"146,052"
Cavan,Northern & Western,Border,Internet Access,T15_3_T_Households with Internet,"26,806"
Carlow,Southern,South East,Internet Access,T15_3_T_Households with Internet,"20,465"
Dublin,Eastern & Midland,Dublin,Internet Access,T15_3_T_Households with Internet,"211,591"
Donegal,Northern & Western,Border,Internet Access,T15_3_T_Households with Internet,"58,305"
Dublin,Eastern & Midland,Dublin,Internet Access,T15_3_T_Households with Internet,"78,568"
Dublin,Eastern & Midland,Dublin,Internet Access,T15_3_T_Households with Internet,"96,607"
Dublin,Eastern & Midland,Dublin,Internet Access,T15_3_T_Households with Internet,"92,393"
Galway,Northern & Western,West,Internet Access,T15_3_T_Households with Internet,"28,827"
Galway,Northern & Western,West,Internet Access,T15_3_T_Households with Internet,"62,729"
Kildare,Eastern & Midland,Mid East,Internet Access,T15_3_T_Households with Internet,"73,348"
Kilkenny,Southern,South East,Internet Access,T15_3_T_Households with Internet,"34,743"
Kerry,Southern,South West,Internet Access,T15_3_T_Households with Internet,"54,288"
Longford,Eastern & Midland,Midland,Internet Access,T15_3_T_Households with Internet,"15,092"
Louth,Eastern & Midland,Mid East,Internet Access,T15_3_T_Households with Internet,"45,363"
Limerick,Southern,Mid West,Internet Access,T15_3_T_Households with Internet,"71,022"
Leitrim,Northern & Western,Border,Internet Access,T15_3_T_Households with Internet,"12,404"
Laois,Eastern & Midland,Midland,Internet Access,T15_3_T_Households with Internet,"28,997"
Meath,Eastern & Midland,Mid East,Internet Access,T15_3_T_Households with Internet,"63,861"
Monaghan,Northern & Western,Border,Internet Access,T15_3_T_Households with Internet,"21,612"
Mayo,Northern & Western,West,Internet Access,T15_3_T_Households with Internet,"48,745"
Offaly,Eastern & Midland,Midland,Internet Access,T15_3_T_Households with Internet,"27,184"
Roscommon,Northern & Western,West,Internet Access,T15_3_T_Households with Internet,"23,962"
Sligo,Northern & Western,Border,Internet Access,T15_3_T_Households with Internet,"24,761"
Tipperary,Southern,Mid West,Internet Access,T15_3_T_Households with Internet,"59,071"
Waterford,Southern,South East,Internet Access,T15_3_T_Households with Internet,"43,455"
Westmeath,Eastern & Midland,Midland,Internet Access,T15_3_T_Households with Internet,"31,685"
Wicklow,Eastern & Midland,Mid East,Internet Access,T15_3_T_Households with Internet,"49,005"
Wexford,Southern,South East,Internet Access,T15_3_T_Households with Internet,"54,006"
